Date,Open
2009-01-02,0.000000
2009-01-05,0.000000
2009-01-06,0.000000
2009-01-07,0.000000
2009-01-09,0.000000
2009-01-12,0.000000
2009-01-13,0.000000
2009-01-14,0.000000
2009-01-15,0.000000
2009-01-16,0.000000
2009-01-19,0.000000
2009-01-20,0.000000
2009-01-21,0.000000
2009-01-22,0.000000
2009-01-23,0.000000
2009-01-27,0.000000
2009-01-28,0.000000
2009-01-29,0.000000
2009-01-30,0.000000
2009-02-02,0.000000
2009-02-03,0.000000
2009-02-04,0.000000
2009-02-05,0.000000
2009-02-06,0.000000
2009-02-09,0.000000
2009-02-10,0.000000
2009-02-11,0.000000
2009-02-12,0.000000
2009-02-13,0.000000
2009-02-16,0.000000
2009-02-17,0.000000
2009-02-18,0.000000
2009-02-19,0.000000
2009-02-20,0.000000
2009-02-24,0.000000
2009-02-25,0.000000
2009-02-26,0.000000
2009-02-27,0.000000
2009-03-02,0.000000
2009-03-03,0.000000
2009-03-04,0.000000
2009-03-05,0.000000
2009-03-06,0.000000
2009-03-09,0.000000
2009-03-12,0.000000
2009-03-13,0.000000
2009-03-16,0.000000
2009-03-17,0.000000
2009-03-18,0.000000
2009-03-19,0.000000
2009-03-20,0.000000
2009-03-23,0.000000
2009-03-24,0.000000
2009-03-25,0.000000
2009-03-26,0.000000
2009-03-27,0.000000
2009-03-30,0.000000
2009-03-31,0.000000
2009-04-01,0.000000
2009-04-02,0.000000
2009-04-06,0.000000
2009-04-08,0.000000
2009-04-09,0.000000
2009-04-13,0.000000
2009-04-15,0.000000
2009-04-16,0.000000
2009-04-17,0.000000
2009-04-20,0.000000
2009-04-21,0.000000
2009-04-22,0.000000
2009-04-23,0.000000
2009-04-24,0.000000
2009-04-27,0.000000
2009-04-28,0.000000
2009-04-29,0.000000
2009-05-04,0.000000
2009-05-05,0.000000
2009-05-06,0.000000
2009-05-07,0.000000
2009-05-08,0.000000
2009-05-11,0.000000
2009-05-12,0.000000
2009-05-13,0.000000
2009-05-14,0.000000
2009-05-15,0.000000
2009-05-18,0.000000
2009-05-19,0.000000
2009-05-20,0.000000
2009-05-21,0.000000
2009-05-22,0.000000
2009-05-25,0.000000
2009-05-26,0.000000
2009-05-27,0.000000
2009-05-28,0.000000
2009-05-29,0.000000
2009-06-01,0.000000
2009-06-02,0.000000
2009-06-03,0.000000
2009-06-04,0.000000
2009-06-05,0.000000
2009-06-08,0.000000
2009-06-09,0.000000
2009-06-10,0.000000
2009-06-11,0.000000
2009-06-12,0.000000
2009-06-15,0.000000
2009-06-16,0.000000
2009-06-17,14.293390
2009-06-18,0.000000
2009-06-19,0.000000
2009-06-22,0.000000
2009-06-23,0.000000
2009-06-24,0.000000
2009-06-25,0.000000
2009-06-26,0.000000
2009-06-29,0.000000
2009-06-30,0.000000
2009-07-01,0.000000
2009-07-02,0.000000
2009-07-03,0.000000
2009-07-06,0.000000
2009-07-07,0.000000
2009-07-08,0.000000
2009-07-09,0.000000
2009-07-10,0.000000
2009-07-13,0.000000
2009-07-14,0.000000
2009-07-15,0.000000
2009-07-16,0.000000
2009-07-17,0.000000
2009-07-20,0.000000
2009-07-21,0.000000
2009-07-22,0.000000
2009-07-23,0.000000
2009-07-24,0.000000
2009-07-27,0.000000
2009-07-28,0.000000
2009-07-29,0.000000
2009-07-30,0.000000
2009-07-31,0.000000
2009-08-03,0.000000
2009-08-04,0.000000
2009-08-05,0.000000
2009-08-06,0.000000
2009-08-07,0.000000
2009-08-10,0.000000
2009-08-11,0.000000
2009-08-12,0.000000
2009-08-13,0.000000
2009-08-14,0.000000
2009-08-17,0.000000
2009-08-18,14.736130
2009-08-19,14.673900
2009-08-20,14.804470
2009-08-21,14.785140
2009-08-24,0.000000
2009-08-25,0.000000
2009-08-26,0.000000
2009-08-27,0.000000
2009-08-28,0.000000
2009-08-31,0.000000
2009-09-01,0.000000
2009-09-02,0.000000
2009-09-03,0.000000
2009-09-04,0.000000
2009-09-07,0.000000
2009-09-08,0.000000
2009-09-09,0.000000
2009-09-10,0.000000
2009-09-11,0.000000
2009-09-14,0.000000
2009-09-15,0.000000
2009-09-16,0.000000
2009-09-17,0.000000
2009-09-18,0.000000
2009-09-22,0.000000
2009-09-23,0.000000
2009-09-24,0.000000
2009-09-25,0.000000
2009-09-29,0.000000
2009-09-30,0.000000
2009-10-01,0.000000
2009-10-05,0.000000
2009-10-06,0.000000
2009-10-07,0.000000
2009-10-08,0.000000
2009-10-09,0.000000
2009-10-12,0.000000
2009-10-13,15.747900
2009-10-14,0.000000
2009-10-15,0.000000
2009-10-16,0.000000
2009-10-20,0.000000
2009-10-21,0.000000
2009-10-22,0.000000
2009-10-23,0.000000
2009-10-26,0.000000
2009-10-27,0.000000
2009-10-28,0.000000
2009-10-29,0.000000
2009-10-30,0.000000
2009-11-03,0.000000
2009-11-04,0.000000
2009-11-05,0.000000
2009-11-06,0.000000
2009-11-09,0.000000
2009-11-10,0.000000
2009-11-11,0.000000
2009-11-12,0.000000
2009-11-13,0.000000
2009-11-16,0.000000
2009-11-17,0.000000
2009-11-18,0.000000
2009-11-19,0.000000
2009-11-20,0.000000
2009-11-23,0.000000
2009-11-24,0.000000
2009-11-25,0.000000
2009-11-26,0.000000
2009-11-27,0.000000
2009-11-30,0.000000
2009-12-01,0.000000
2009-12-02,0.000000
2009-12-03,0.000000
2009-12-04,0.000000
2009-12-07,0.000000
2009-12-08,0.000000
2009-12-09,0.000000
2009-12-10,0.000000
2009-12-11,0.000000
2009-12-14,0.000000
2009-12-15,0.000000
2009-12-16,0.000000
2009-12-17,0.000000
2009-12-18,0.000000
2009-12-21,0.000000
2009-12-22,0.000000
2009-12-23,0.000000
2009-12-24,0.000000
2009-12-29,0.000000
2009-12-30,0.000000
2009-12-31,0.000000
2010-01-04,0.000000
2010-01-05,0.000000
2010-01-06,0.000000
2010-01-07,0.000000
2010-01-08,0.000000
2010-01-11,0.000000
2010-01-12,0.000000
2010-01-13,0.000000
2010-01-14,0.000000
2010-01-15,0.000000
2010-01-18,0.000000
2010-01-19,16.565800
2010-01-20,16.611120
2010-01-21,16.255100
2010-01-22,16.215151
2010-01-25,16.319300
2010-01-27,16.228970
2010-01-28,16.191610
2010-01-29,16.080151
2010-02-01,16.057520
2010-02-02,16.493320
2010-02-03,16.484280
2010-02-04,16.268881
2010-02-05,16.100000
2010-02-08,16.049900
2010-02-09,16.099899
2010-02-10,16.139999
2010-02-11,16.068899
2010-02-15,16.150000
2010-02-16,16.360001
2010-02-17,16.500000
2010-02-18,16.459999
2010-02-19,16.280001
2010-02-22,16.650000
2010-02-23,16.490000
2010-02-24,16.400000
2010-02-25,16.278999
2010-02-26,16.320499
2010-03-02,16.509001
2010-03-03,16.650101
2010-03-04,16.719999
2010-03-05,16.780001
2010-03-08,16.700001
2010-03-09,16.500000
2010-03-10,16.500000
2010-03-11,16.330000
2010-03-12,16.384001
2010-03-15,16.299999
2010-03-16,16.230000
2010-03-17,16.549999
2010-03-18,16.500000
2010-03-19,16.469500
2010-03-22,16.370001
2010-03-23,16.230499
2010-03-25,16.049999
2010-03-26,16.094999
2010-03-29,16.180000
2010-03-30,16.150000
2010-03-31,16.129999
2010-04-01,16.090000
2010-04-05,16.177999
2010-04-06,16.295000
2010-04-07,16.150000
2010-04-08,16.330099
2010-04-09,16.500000
2010-04-12,16.500500
2010-04-13,16.549999
2010-04-15,16.475500
2010-04-16,16.500000
2010-04-19,16.389999
2010-04-20,16.250000
2010-04-21,16.350000
2010-04-22,16.480000
2010-04-23,16.332001
2010-04-26,16.420000
2010-04-27,16.500000
2010-04-28,16.530001
2010-04-29,16.650000
2010-04-30,16.700001
2010-05-03,16.790001
2010-05-04,16.888000
2010-05-05,16.900999
2010-05-06,16.900000
2010-05-07,17.090000
2010-05-10,17.379999
2010-05-11,17.326500
2010-05-12,17.600000
2010-05-13,17.900000
2010-05-14,17.799999
2010-05-17,17.810499
2010-05-18,17.972000
2010-05-19,17.780001
2010-05-20,17.870001
2010-05-21,17.650999
2010-05-24,17.700001
2010-05-25,17.770000
2010-05-26,18.031000
2010-05-27,17.980000
2010-05-28,18.098000
2010-05-31,18.000000
2010-06-01,18.000000
2010-06-02,18.360001
2010-06-03,18.301500
2010-06-04,18.122000
2010-06-07,18.360001
2010-06-08,18.440001
2010-06-09,18.750000
2010-06-10,18.559999
2010-06-11,18.350000
2010-06-14,18.579500
2010-06-15,18.320000
2010-06-16,18.320000
2010-06-17,18.400000
2010-06-18,18.499001
2010-06-21,18.450001
2010-06-22,18.379999
2010-06-23,18.398001
2010-06-24,18.400000
2010-06-25,18.450001
2010-06-28,18.535000
2010-06-29,18.440001
2010-06-30,18.320999
2010-07-01,18.530001
2010-07-02,18.340000
2010-07-05,18.290001
2010-07-06,18.160000
2010-07-07,18.148001
2010-07-08,18.190001
2010-07-09,18.089500
2010-07-12,17.950001
2010-07-13,18.139999
2010-07-14,18.103001
2010-07-15,18.129999
2010-07-16,18.049999
2010-07-19,18.049999
2010-07-20,18.000000
2010-07-21,17.930000
2010-07-22,18.000000
2010-07-23,18.000000
2010-07-26,18.030001
2010-07-27,17.900000
2010-07-28,17.639999
2010-07-29,17.500000
2010-07-30,19.430000
2010-08-02,17.600000
2010-08-03,17.549999
2010-08-04,17.549999
2010-08-05,17.790001
2010-08-06,17.740000
2010-08-09,17.700001
2010-08-10,17.830999
2010-08-11,17.969999
2010-08-12,17.870001
2010-08-13,18.270000
2010-08-16,18.298000
2010-08-17,18.368999
2010-08-18,18.280001
2010-08-19,18.260000
2010-08-20,18.299999
2010-08-23,18.219999
2010-08-24,18.330000
2010-08-25,18.360001
2010-08-26,18.583000
2010-08-27,18.420500
2010-08-30,18.530001
2010-08-31,18.590000
2010-09-01,18.701000
2010-09-02,18.690001
2010-09-03,18.660500
2010-09-06,18.700001
2010-09-07,18.030001
2010-09-08,18.750000
2010-09-09,18.760000
2010-09-13,18.549999
2010-09-14,18.500000
2010-09-15,18.820000
2010-09-16,18.850000
2010-09-17,18.900000
2010-09-20,18.850000
2010-09-21,18.680000
2010-09-22,18.750000
2010-09-23,18.799999
2010-09-24,18.889999
2010-09-27,18.770000
2010-09-28,18.690001
2010-09-29,18.700001
2010-09-30,18.825001
2010-10-01,18.830000
2010-10-04,18.750000
2010-10-05,18.730000
2010-10-06,19.000000
2010-10-07,19.190001
2010-10-08,19.118999
2010-10-11,18.900000
2010-10-12,19.200001
2010-10-13,19.250000
2010-10-14,19.500000
2010-10-15,19.650000
2010-10-18,19.325500
2010-10-19,19.600000
2010-10-20,19.195000
2010-10-21,19.100000
2010-10-22,19.000000
2010-10-25,19.160999
2010-10-26,19.040001
2010-10-27,19.004499
2010-10-28,18.909000
2010-10-29,18.951000
2010-11-01,19.139999
2010-11-02,19.348000
2010-11-03,19.359501
2010-11-04,19.280001
2010-11-08,19.500000
2010-11-09,19.639999
2010-11-10,19.700001
2010-11-11,19.830000
2010-11-12,19.889999
2010-11-15,20.690001
2010-11-16,19.540001
2010-11-18,19.650499
2010-11-19,19.603500
2010-11-22,19.660000
2010-11-23,19.750000
2010-11-24,19.950001
2010-11-25,19.990000
2010-11-26,19.950001
2010-11-29,19.987000
2010-11-30,19.950001
2010-12-01,19.920000
2010-12-02,20.100000
2010-12-03,19.969999
2010-12-06,20.112499
2010-12-07,20.260500
2010-12-08,20.049999
2010-12-09,20.030001
2010-12-10,20.000500
2010-12-13,20.000000
2010-12-14,20.049999
2010-12-15,20.089001
2010-12-16,19.979000
2010-12-20,20.000000
2010-12-21,19.950001
2010-12-22,20.090000
2010-12-23,19.969999
2010-12-24,19.870001
2010-12-27,19.950001
2010-12-28,20.050501
2010-12-29,20.099001
2010-12-30,20.157000
2010-12-31,20.101500
2011-01-03,20.190001
2011-01-04,20.200001
2011-01-05,19.990000
2011-01-06,19.910000
2011-01-07,19.799999
2011-01-10,19.900000
2011-01-11,19.750000
2011-01-12,19.750000
2011-01-13,19.810499
2011-01-14,19.834999
2011-01-17,19.700001
2011-01-18,19.701000
2011-01-19,19.790001
2011-01-20,19.788000
2011-01-21,19.719999
2011-01-24,19.629999
2011-01-25,19.510000
2011-01-27,19.350000
2011-01-28,19.350000
2011-01-31,19.490000
2011-02-01,19.650000
2011-02-02,19.600000
2011-02-03,19.450001
2011-02-04,19.490000
2011-02-07,19.610001
2011-02-08,19.540001
2011-02-09,19.568001
2011-02-10,19.670000
2011-02-11,19.740000
2011-02-14,19.661501
2011-02-15,19.790001
2011-02-16,19.799999
2011-02-17,19.799999
2011-02-18,19.893499
2011-02-21,19.979500
2011-02-22,20.030001
2011-02-23,20.100000
2011-02-24,20.150000
2011-02-25,20.200001
2011-02-28,20.201000
2011-03-01,20.200001
2011-03-03,20.361000
2011-03-04,20.350000
2011-03-07,20.430000
2011-03-08,20.520000
2011-03-09,20.450001
2011-03-10,20.424999
2011-03-11,20.219999
2011-03-14,20.350000
2011-03-15,20.340000
2011-03-16,20.199499
2011-03-17,20.010000
2011-03-18,20.040001
2011-03-21,20.299999
2011-03-22,20.389999
2011-03-23,20.417000
2011-03-24,20.450001
2011-03-25,20.400000
2011-03-28,20.290001
2011-03-29,20.250000
2011-03-30,20.100000
2011-03-31,20.177999
2011-04-01,20.248501
2011-04-04,20.271999
2011-04-05,20.242001
2011-04-06,20.315001
2011-04-07,20.450001
2011-04-08,20.459999
2011-04-11,20.680000
2011-04-13,20.650000
2011-04-15,21.058500
2011-04-18,20.862499
2011-04-19,20.950001
2011-04-20,21.150000
2011-04-21,21.198500
2011-04-25,21.368500
2011-04-26,21.370001
2011-04-27,21.298000
2011-04-28,21.305500
2011-04-29,21.650000
2011-05-02,21.750000
2011-05-03,21.959999
2011-05-04,21.700001
2011-05-05,21.599501
2011-05-06,21.350000
2011-05-09,21.552000
2011-05-10,21.410000
2011-05-11,21.521500
2011-05-12,21.520000
2011-05-13,21.255501
2011-05-16,21.398500
2011-05-17,21.347500
2011-05-18,21.330000
2011-05-19,21.399000
2011-05-20,21.263000
2011-05-23,21.500000
2011-05-24,21.600000
2011-05-25,21.750000
2011-05-26,21.855000
2011-05-27,20.760000
2011-05-30,21.843000
2011-05-31,21.849001
2011-06-01,21.789499
2011-06-02,21.811501
2011-06-03,21.850000
2011-06-06,21.870001
2011-06-07,21.879999
2011-06-08,21.879999
2011-06-09,21.750000
2011-06-10,21.870001
2011-06-13,21.827499
2011-06-14,21.600000
2011-06-15,21.590000
2011-06-16,21.587000
2011-06-17,21.350000
2011-06-20,21.797001
2011-06-21,21.660000
2011-06-22,21.900000
2011-06-23,22.000000
2011-06-24,21.750000
2011-06-27,21.600000
2011-06-28,21.400000
2011-06-29,21.400499
2011-06-30,21.500000
2011-07-01,21.295000
2011-07-04,21.090000
2011-07-05,21.100000
2011-07-06,21.201500
2011-07-07,21.450001
2011-07-08,21.500000
2011-07-11,21.610001
2011-07-12,21.799999
2011-07-13,21.900000
2011-07-14,22.100000
2011-07-15,22.270000
2011-07-18,22.299999
2011-07-19,22.587999
2011-07-20,22.386999
2011-07-21,22.499001
2011-07-22,22.198500
2011-07-25,22.499001
2011-07-26,22.438499
2011-07-27,22.330500
2011-07-28,22.330000
2011-07-29,22.346001
2011-08-01,22.278500
2011-08-02,22.410500
2011-08-03,22.650000
2011-08-04,23.135000
2011-08-05,23.070000
2011-08-08,23.715000
2011-08-09,24.809999
2011-08-10,24.997499
2011-08-11,25.200001
2011-08-12,25.100000
2011-08-16,25.129999
2011-08-17,25.350000
2011-08-18,25.799000
2011-08-19,26.760000
2011-08-22,27.112499
2011-08-23,27.230000
2011-08-24,26.649000
2011-08-25,25.997999
2011-08-26,25.610500
2011-08-29,26.511000
2011-08-30,26.049999
2011-09-02,26.447001
2011-09-05,27.000000
2011-09-06,27.511499
2011-09-07,27.010000
2011-09-08,27.011499
2011-09-09,26.652500
2011-09-12,27.200001
2011-09-13,26.990000
2011-09-14,27.000000
2011-09-15,27.040001
2011-09-16,26.688499
2011-09-19,26.900000
2011-09-20,26.948999
2011-09-21,27.049999
2011-09-22,27.370001
2011-09-23,27.000000
2011-09-26,26.250000
2011-09-27,25.110001
2011-09-28,25.709999
2011-09-29,25.010500
2011-09-30,24.910000
2011-10-03,25.400000
2011-10-04,25.799999
2011-10-05,25.500000
2011-10-07,25.250000
2011-10-10,25.350000
2011-10-11,25.665001
2011-10-12,25.700001
2011-10-13,25.719999
2011-10-14,25.600000
2011-10-17,25.748501
2011-10-18,25.799999
2011-10-19,25.560499
2011-10-20,25.350000
2011-10-21,25.420500
2011-10-24,25.549999
2011-10-25,25.895000
2011-10-28,26.299000
2011-10-31,26.030001
2011-11-01,26.000000
2011-11-02,26.350000
2011-11-03,26.520500
2011-11-04,26.772499
2011-11-08,27.222500
2011-11-09,27.500000
2011-11-11,27.490000
2011-11-14,27.750000
2011-11-15,27.740000
2011-11-16,27.760500
2011-11-17,27.849001
2011-11-18,27.700001
2011-11-21,27.500000
2011-11-22,27.249500
2011-11-23,27.690001
2011-11-24,27.410000
2011-11-25,27.478500
2011-11-28,27.299999
2011-11-29,27.650000
2011-11-30,27.820499
2011-12-01,27.902000
2011-12-02,27.900000
2011-12-05,27.959999
2011-12-07,27.798000
2011-12-08,27.920000
2011-12-09,27.719999
2011-12-12,27.600000
2011-12-13,27.400000
2011-12-14,27.340000
2011-12-15,26.996500
2011-12-16,26.200001
2011-12-19,26.158001
2011-12-20,26.334000
2011-12-21,26.601000
2011-12-22,26.501499
2011-12-23,26.483999
2011-12-26,25.760500
2011-12-27,26.440001
2011-12-28,26.350000
2011-12-29,26.084999
2011-12-30,25.840500
2012-01-02,26.110001
2012-01-03,26.280001
2012-01-04,26.500000
2012-01-05,26.750000
2012-01-06,26.750500
2012-01-09,26.650000
2012-01-10,26.469999
2012-01-11,26.350000
2012-01-12,26.650000
2012-01-13,26.400000
2012-01-16,26.326000
2012-01-17,26.400000
2012-01-18,26.600000
2012-01-19,26.351999
2012-01-20,26.285000
2012-01-23,26.337999
2012-01-24,26.344999
2012-01-25,26.184999
2012-01-27,26.660000
2012-01-30,26.690001
2012-01-31,26.990000
2012-02-01,27.230000
2012-02-02,27.122499
2012-02-03,27.059999
2012-02-06,26.900000
2012-02-07,26.580000
2012-02-08,27.000000
2012-02-09,26.927500
2012-02-10,26.950001
2012-02-13,26.750000
2012-02-14,26.700001
2012-02-15,26.680000
2012-02-16,26.830500
2012-02-17,26.900000
2012-02-21,26.848499
2012-02-22,27.185730
2012-02-23,27.519501
2012-02-24,27.451469
2012-02-27,27.232790
2012-02-28,27.433380
2012-02-29,27.525360
2012-03-01,26.603350
2012-03-02,26.606810
2012-03-05,26.580830
2012-03-06,26.504841
2012-03-07,26.738960
2012-03-09,26.715281
2012-03-12,26.766211
2012-03-13,26.549980
2012-03-14,26.069071
2012-03-15,25.991880
2012-03-16,26.072109
2012-03-19,26.572901
2012-03-20,26.550011
2012-03-21,26.841061
2012-03-22,26.674629
2012-03-23,26.916771
2012-03-26,27.232630
2012-03-27,27.611460
2012-03-28,27.340160
2012-03-29,27.110540
2012-03-30,27.197479
2012-04-02,27.292549
2012-04-03,27.170071
2012-04-04,26.745420
2012-04-09,26.711639
2012-04-10,27.007420
2012-04-11,27.340611
2012-04-12,27.310320
2012-04-13,27.532829
2012-04-16,27.302780
2012-04-17,27.350929
2012-04-18,27.201509
2012-04-19,27.325550
2012-04-20,27.346500
2012-04-23,27.331970
2012-04-24,27.720470
2012-04-25,27.606440
2012-04-26,27.759190
2012-04-27,27.908510
2012-04-30,27.960621
2012-05-02,28.038731
2012-05-03,28.031481
2012-05-04,28.048660
2012-05-07,27.856951
2012-05-08,27.573450
2012-05-09,27.196381
2012-05-10,27.209539
2012-05-11,27.204800
2012-05-14,26.945810
2012-05-15,26.940559
2012-05-16,26.728121
2012-05-17,26.929729
2012-05-18,27.846430
2012-05-21,27.787319
2012-05-22,27.642530
2012-05-23,27.790911
2012-05-24,28.019850
2012-05-25,27.842461
2012-05-28,27.931520
2012-05-29,27.996540
2012-05-30,27.771681
2012-05-31,28.290680
2012-06-01,27.779060
2012-06-04,27.586189
2012-06-05,27.607241
2012-06-06,28.941710
2012-06-07,28.556141
2012-06-08,27.965651
2012-06-11,28.189280
2012-06-12,28.521130
2012-06-13,28.821449
2012-06-14,28.899120
2012-06-15,28.938181
2012-06-18,28.877489
2012-06-19,29.167860
2012-06-20,28.923679
2012-06-21,28.876881
2012-06-22,28.660980
2012-06-25,28.412689
2012-06-26,28.917780
2012-06-27,28.711710
2012-06-28,28.573099
2012-06-29,28.310040
2012-07-02,28.495800
2012-07-03,28.203671
2012-07-04,28.216551
2012-07-05,28.444910
2012-07-06,28.185459
2012-07-09,28.294371
2012-07-10,28.418989
2012-07-11,27.899820
2012-07-12,27.872841
2012-07-13,28.080839
2012-07-16,27.804180
2012-07-17,28.098440
2012-07-18,27.930639
2012-07-19,27.959299
2012-07-20,27.909170
2012-07-23,28.007580
2012-07-24,28.152700
2012-07-25,28.574160
2012-07-26,28.630480
2012-07-27,28.633860
2012-07-30,28.608219
2012-07-31,28.893431
2012-08-01,28.640209
2012-08-02,28.617350
2012-08-03,28.605061
2012-08-06,28.503611
2012-08-07,28.621519
2012-08-08,28.345381
2012-08-09,28.454260
2012-08-10,28.466730
2012-08-13,28.732889
2012-08-14,28.712360
2012-08-16,28.695580
2012-08-17,28.777180
2012-08-21,28.821119
2012-08-22,29.084459
2012-08-23,29.290751
2012-08-24,29.457041
2012-08-27,29.561871
2012-08-28,29.604900
2012-08-29,29.558870
2012-08-30,29.426710
2012-08-31,29.475510
2012-09-03,29.843281
2012-09-04,29.977579
2012-09-05,30.127871
2012-09-06,30.491180
2012-09-07,30.049681
2012-09-10,30.571159
2012-09-11,30.637541
2012-09-12,30.696180
2012-09-13,30.585569
2012-09-14,30.906630
2012-09-17,30.462549
2012-09-18,30.440741
2012-09-20,30.535891
2012-09-21,30.496710
2012-09-24,29.915840
2012-09-25,30.178511
2012-09-26,30.152731
2012-09-27,29.840309
2012-09-28,29.953840
2012-10-01,29.850559
2012-10-03,29.713600
2012-10-04,29.664660
2012-10-05,29.481871
2012-10-08,29.470921
2012-10-09,29.584450
2012-10-10,29.819691
2012-10-11,29.902700
2012-10-12,29.697140
2012-10-15,29.601521
2012-10-16,29.286690
2012-10-17,29.414141
2012-10-18,29.533291
2012-10-19,29.689569
2012-10-22,29.537491
2012-10-23,29.362350
2012-10-25,29.349300
2012-10-29,29.389160
2012-10-30,29.599760
2012-10-31,29.648149
2012-11-01,29.518709
2012-11-02,29.242319
2012-11-05,28.974310
2012-11-06,29.449181
2012-11-07,29.909960
2012-11-08,29.751980
2012-11-09,29.991529
2012-11-12,30.352150
2012-11-15,30.169020
2012-11-16,29.959909
2012-11-19,30.186310
2012-11-20,30.335030
2012-11-21,30.366911
2012-11-22,30.392679
2012-11-23,30.574120
2012-11-26,30.966009
2012-11-27,30.971800
2012-11-29,30.322290
2012-11-30,30.029470
2012-12-03,29.875360
2012-12-04,29.888670
2012-12-05,29.629511
2012-12-06,29.409611
2012-12-07,29.328230
2012-12-10,29.586880
2012-12-11,29.593950
2012-12-12,29.615820
2012-12-13,29.301901
2012-12-14,29.410271
2012-12-17,29.400721
2012-12-18,29.670839
2012-12-19,29.196779
2012-12-20,29.124920
2012-12-21,28.940880
2012-12-24,29.176371
2012-12-26,29.112961
2012-12-27,28.932541
2012-12-28,28.990339
2012-12-31,29.039860
2013-01-01,29.042959
2013-01-02,29.106859
2013-01-03,29.168970
2013-01-04,28.510229
2013-01-07,28.931511
2013-01-08,29.106291
2013-01-09,29.084511
2013-01-10,28.907820
2013-01-11,28.968260
2013-01-14,28.985809
2013-01-15,29.156900
2013-01-16,29.286381
2013-01-17,29.250139
2013-01-18,29.012449
2013-01-21,28.939989
2013-01-22,29.410931
2013-01-23,29.539330
2013-01-24,29.331060
2013-01-25,29.220140
2013-01-28,29.017090
2013-01-29,28.982300
2013-01-30,29.007441
2013-01-31,28.998859
2013-02-01,28.872040
2013-02-04,28.680460
2013-02-05,29.063900
2013-02-06,28.828110
2013-02-07,28.949751
2013-02-08,29.011841
2013-02-11,28.963430
2013-02-12,28.748199
2013-02-13,28.795280
2013-02-14,28.740009
2013-02-15,28.556480
2013-02-18,28.375710
2013-02-19,28.411900
2013-02-20,28.106310
2013-02-21,27.761490
2013-02-22,27.968750
2013-02-25,27.986231
2013-02-26,28.074280
2013-02-27,28.145670
2013-02-28,27.830170
2013-03-01,27.824640
2013-03-04,28.182030
2013-03-05,28.093410
2013-03-06,27.949181
2013-03-07,28.071680
2013-03-08,27.860121
2013-03-11,27.813379
2013-03-12,27.915430
2013-03-13,27.953360
2013-03-14,28.005640
2013-03-15,28.004829
2013-03-18,28.152241
2013-03-19,28.187120
2013-03-20,28.389891
2013-03-21,28.296640
2013-03-22,28.361309
2013-03-25,28.092550
2013-03-26,28.094431
2013-03-28,28.235201
2013-04-01,28.248150
2013-04-02,28.142799
2013-04-03,27.687429
2013-04-04,27.425020
2013-04-05,27.656700
2013-04-08,27.984850
2013-04-09,27.781740
2013-04-10,27.963820
2013-04-11,27.538879
2013-04-12,27.367580
2013-04-15,25.272480
2013-04-16,24.450171
2013-04-17,24.304470
2013-04-18,24.474001
2013-04-22,24.977011
2013-04-23,24.906530
2013-04-25,25.329140
2013-04-26,25.640341
2013-04-29,25.872120
2013-04-30,25.849661
2013-05-02,25.376930
2013-05-03,25.809280
2013-05-06,25.806490
2013-05-07,25.730829
2013-05-08,25.531200
2013-05-09,25.820150
2013-05-10,25.619270
2013-05-13,25.457569
2013-05-14,25.443850
2013-05-15,25.109579
2013-05-16,24.485729
2013-05-17,24.546200
2013-05-20,24.224421
2013-05-21,24.640520
2013-05-22,24.866301
2013-05-23,25.074869
2013-05-24,24.900780
2013-05-27,24.903879
2013-05-28,24.849360
2013-05-29,25.150890
2013-05-30,25.458410
2013-05-31,25.694469
2013-06-03,25.556459
2013-06-04,25.729870
2013-06-05,25.487379
2013-06-06,26.219151
2013-06-07,26.400789
2013-06-10,26.261240
2013-06-11,26.607380
2013-06-12,26.473240
2013-06-13,26.689240
2013-06-14,26.293610
2013-06-17,26.356239
2013-06-18,26.525070
2013-06-19,26.424950
2013-06-20,25.688999
2013-06-21,25.400181
2013-06-24,25.310499
2013-06-25,25.399000
2013-06-26,24.910000
2013-06-27,24.610500
2013-06-28,24.290001
2013-07-01,24.061001
2013-07-02,24.610500
2013-07-03,24.725000
2013-07-04,24.849501
2013-07-05,24.786501
2013-07-08,24.754999
2013-07-09,24.799999
2013-07-10,24.820000
2013-07-11,25.025000
2013-07-12,25.100000
2013-07-15,25.149000
2013-07-16,25.139999
2013-07-17,25.152000
2013-07-18,25.149000
2013-07-19,25.225000
2013-07-22,25.521500
2013-07-23,26.020500
2013-07-24,26.180000
2013-07-25,25.747499
2013-07-26,25.851500
2013-07-29,26.340000
2013-07-30,26.410999
2013-07-31,26.762501
2013-08-01,26.500000
2013-08-02,26.549999
2013-08-05,26.360500
2013-08-06,26.348000
2013-08-07,26.004999
2013-08-08,26.310499
2013-08-12,26.879999
2013-08-13,27.260500
2013-08-14,27.597500
2013-08-16,28.062500
2013-08-19,28.879999
2013-08-20,29.212500
2013-08-21,29.049999
2013-08-22,29.362499
2013-08-23,29.198500
2013-08-26,29.330000
2013-08-27,29.610001
2013-08-28,30.200001
2013-08-29,29.990000
2013-08-30,29.850000
2013-09-02,29.110001
2013-09-03,29.500000
2013-09-04,30.549999
2013-09-05,29.389999
2013-09-06,28.984501
2013-09-10,28.600000
2013-09-11,28.000000
2013-09-12,28.100500
2013-09-13,28.139999
2013-09-16,27.799500
2013-09-17,27.500000
2013-09-18,27.745001
2013-09-19,28.011499
2013-09-20,28.210501
2013-09-23,27.940001
2013-09-24,27.980000
2013-09-25,27.809999
2013-09-26,27.916500
2013-09-27,27.752501
2013-09-30,28.251499
2013-10-01,28.398001
2013-10-03,27.840000
2013-10-04,28.001499
2013-10-07,27.900000
2013-10-08,27.968000
2013-10-09,28.750000
2013-10-10,28.380501
2013-10-11,28.299999
2013-10-14,27.850000
2013-10-15,28.250000
2013-10-17,28.350000
2013-10-18,28.653500
2013-10-21,28.700001
2013-10-22,29.000000
2013-10-23,29.440001
2013-10-24,29.719999
2013-10-25,29.660999
2013-10-28,29.799500
2013-10-29,29.875000
2013-10-30,29.215500
2013-10-31,29.049000
2013-11-01,28.747999
2013-11-05,28.879499
2013-11-06,28.521500
2013-11-07,28.480000
2013-11-08,28.551001
2013-11-11,28.577499
2013-11-12,28.790001
2013-11-13,29.000000
2013-11-14,28.958500
2013-11-18,28.990499
2013-11-19,28.850000
2013-11-20,28.921000
2013-11-21,28.799999
2013-11-22,28.780500
2013-11-25,28.801001
2013-11-26,28.600000
2013-11-27,28.650000
2013-11-28,28.558001
2013-11-29,28.469999
2013-12-02,28.738001
2013-12-03,28.500000
2013-12-04,28.700001
2013-12-05,28.700001
2013-12-06,28.598000
2013-12-09,28.110001
2013-12-10,28.200001
2013-12-11,28.450001
2013-12-12,28.410000
2013-12-13,28.090000
2013-12-16,28.210501
2013-12-17,28.150499
2013-12-18,27.900000
2013-12-19,27.829000
2013-12-20,27.760000
2013-12-23,27.680000
2013-12-24,27.549999
2013-12-26,27.517000
2013-12-27,27.620001
2013-12-30,27.450001
2013-12-31,27.180000
2014-01-01,27.170000
2014-01-02,27.340000
2014-01-03,27.510000
2014-01-06,27.701000
2014-01-07,27.510000
2014-01-08,27.500000
2014-01-09,27.400000
2014-01-10,28.231001
2014-01-13,27.559999
2014-01-14,27.790001
2014-01-15,27.580000
2014-01-16,27.549999
2014-01-17,27.783501
2014-01-20,27.799999
2014-01-21,27.700001
2014-01-22,27.700001
2014-01-23,27.579000
2014-01-24,27.750000
2014-01-27,27.500500
2014-01-28,27.900000
2014-01-29,27.551500
2014-01-30,28.210501
2014-01-31,27.600000
2014-02-03,27.900000
2014-02-04,27.900000
2014-02-05,27.600000
2014-02-06,27.798000
2014-02-07,27.799999
2014-02-10,27.710501
2014-02-11,27.959999
2014-02-12,27.920000
2014-02-13,27.924999
2014-02-14,28.011499
2014-02-17,28.166000
2014-02-18,28.540001
2014-02-19,28.465000
2014-02-20,28.629999
2014-02-21,28.559000
2014-02-24,28.587999
2014-02-25,28.551500
2014-02-26,28.501499
2014-02-28,28.500000
2014-03-03,28.608999
2014-03-04,28.620001
2014-03-05,28.468000
2014-03-06,28.090000
2014-03-07,28.330000
2014-03-10,28.199499
2014-03-11,27.750000
2014-03-12,28.302500
2014-03-13,28.299999
2014-03-14,28.240000
2014-03-18,28.010500
2014-03-19,28.100000
2014-03-20,27.900000
2014-03-21,27.540001
2014-03-24,27.590000
2014-03-25,27.100000
2014-03-26,27.000000
2014-03-27,27.100000
2014-03-28,26.990000
2014-03-31,26.850000
2014-04-01,26.999500
2014-04-02,26.850000
2014-04-03,26.410000
2014-04-04,26.620001
2014-04-07,26.674999
2014-04-09,26.889999
2014-04-10,26.625000
2014-04-11,27.090000
2014-04-15,27.070000
2014-04-16,27.219999
2014-04-17,27.309999
2014-04-21,27.299999
2014-04-22,27.499500
2014-04-23,27.740000
2014-04-25,27.719999
2014-04-28,27.980000
2014-04-29,28.034000
2014-04-30,27.990000
2014-05-02,27.934999
2014-05-05,28.044001
2014-05-06,27.999500
2014-05-07,27.910500
2014-05-08,27.510000
2014-05-09,27.799500
2014-05-12,27.510500
2014-05-13,27.500000
2014-05-14,27.420000
2014-05-15,27.351500
2014-05-16,27.209999
2014-05-19,26.999500
2014-05-20,26.750000
2014-05-21,26.610001
2014-05-22,26.450001
2014-05-23,25.598000
2014-05-26,25.509001
2014-05-27,25.500000
2014-05-28,25.301001
2014-05-29,25.270000
2014-05-30,24.950001
2014-06-02,25.000000
2014-06-03,24.799999
2014-06-04,24.850000
2014-06-05,24.750000
2014-06-06,24.719999
2014-06-09,24.889999
2014-06-10,24.799999
2014-06-11,24.801500
2014-06-12,24.900000
2014-06-13,24.852501
2014-06-16,25.251499
2014-06-17,25.590000
2014-06-18,25.350000
2014-06-19,25.219999
2014-06-20,25.810499
2014-06-23,26.020000
2014-06-24,26.070000
2014-06-25,26.148001
2014-06-26,26.040001
2014-06-27,26.101500
2014-06-30,26.008499
2014-07-01,26.160000
2014-07-02,26.188000
2014-07-03,25.959999
2014-07-04,25.330000
2014-07-07,25.850000
2014-07-08,25.700001
2014-07-09,25.629999
2014-07-10,25.700001
2014-07-11,26.200001
2014-07-14,26.250000
2014-07-15,25.950001
2014-07-16,25.850000
2014-07-17,25.840000
2014-07-18,26.000500
2014-07-21,26.020000
2014-07-22,25.905001
2014-07-23,25.899500
2014-07-24,25.719999
2014-07-25,25.641001
2014-07-28,25.625000
2014-07-30,25.750000
2014-07-31,25.674999
2014-08-01,25.650000
2014-08-04,25.875000
2014-08-05,25.892000
2014-08-06,25.799999
2014-08-07,26.200001
2014-08-08,26.351500
2014-08-11,26.350000
2014-08-12,26.190001
2014-08-13,26.360001
2014-08-14,26.160500
2014-08-18,26.098000
2014-08-19,25.997999
2014-08-20,25.920000
2014-08-21,26.809999
2014-08-22,25.650000
2014-08-25,25.730000
2014-08-26,25.889999
2014-08-27,25.748501
2014-08-28,25.520000
2014-09-01,25.698500
2014-09-02,25.698999
2014-09-03,25.549999
2014-09-04,25.680000
2014-09-05,25.339500
2014-09-08,25.498501
2014-09-09,25.150000
2014-09-10,25.100000
2014-09-11,25.200001
2014-09-12,25.010500
2014-09-15,25.099501
2014-09-16,25.040001
2014-09-17,25.030001
2014-09-18,24.850000
2014-09-19,24.850000
2014-09-22,24.740000
2014-09-23,24.799500
2014-09-24,24.801001
2014-09-25,24.860001
2014-09-26,24.990000
2014-09-29,24.879999
2014-09-30,24.889999
2014-10-01,24.698000
2014-10-07,24.680000
2014-10-08,24.729000
2014-10-09,24.899000
2014-10-10,24.801500
2014-10-13,24.999001
2014-10-14,24.950001
2014-10-16,25.059999
2014-10-17,25.379999
2014-10-20,25.094999
2014-10-21,25.170000
2014-10-22,25.629999
2014-10-27,25.238001
2014-10-28,24.950001
2014-10-29,24.920000
2014-10-30,24.799999
2014-10-31,24.629999
2014-11-03,24.379999
2014-11-05,24.299999
2014-11-07,24.200001
2014-11-10,24.150000
2014-11-11,24.000000
2014-11-12,23.950001
2014-11-13,23.999500
2014-11-14,23.943001
2014-11-17,24.160500
2014-11-18,24.210501
2014-11-19,24.307501
2014-11-20,24.400000
2014-11-21,24.400000
2014-11-24,24.400000
2014-11-25,24.400000
2014-11-26,24.490000
2014-11-27,24.639999
2014-11-28,24.350500
2014-12-01,24.100000
2014-12-02,24.330000
2014-12-03,24.228001
2014-12-04,24.400000
2014-12-05,24.370001
2014-12-08,24.170500
2014-12-09,24.299999
2014-12-10,24.601000
2014-12-11,24.899500
2014-12-12,24.712500
2014-12-15,24.870001
2014-12-16,24.799500
2014-12-17,24.750000
2014-12-18,24.749001
2014-12-19,24.639000
2014-12-22,24.601000
2014-12-23,24.648500
2014-12-24,24.499500
2014-12-26,24.546000
2014-12-29,24.660000
2014-12-30,24.649500
2014-12-31,24.760500
2015-01-01,24.599501
2015-01-02,24.950001
2015-01-05,24.629999
2015-01-06,24.760000
2015-01-07,24.920500
2015-01-08,24.930000
2015-01-09,24.698500
2015-01-12,24.719999
2015-01-13,24.921000
2015-01-14,24.900000
2015-01-15,24.783001
2015-01-16,25.100500
2015-01-19,25.430000
2015-01-20,25.482000
2015-01-21,25.900000
2015-01-22,25.711000
2015-01-23,25.732500
2015-01-27,25.360001
2015-01-28,25.629999
2015-01-29,25.600000
2015-01-30,25.448500
2015-02-02,25.879999
2015-02-03,25.749001
2015-02-04,25.488001
2015-02-05,25.500000
2015-02-06,25.497999
2015-02-09,25.243999
2015-02-10,25.049999
2015-02-11,25.070000
2015-02-12,24.980000
2015-02-13,24.902000
2015-02-16,24.951500
2015-02-18,24.700001
2015-02-19,24.999500
2015-02-20,24.622499
2015-02-23,24.719999
2015-02-24,24.591000
2015-02-25,24.635000
2015-02-26,24.431000
2015-02-27,24.483999
2015-03-02,24.450001
2015-03-03,24.500000
2015-03-04,24.400000
2015-03-05,24.450001
2015-03-09,24.349001
2015-03-10,24.245001
2015-03-11,24.200001
2015-03-12,24.025499
2015-03-13,24.000000
2015-03-16,23.969999
2015-03-17,23.930000
2015-03-18,23.799999
2015-03-19,23.910000
2015-03-20,23.900000
2015-03-23,23.910000
2015-03-24,23.999500
2015-03-25,24.049999
2015-03-26,24.129999
2015-03-27,23.319000
2015-03-30,24.191000
2015-03-31,24.110001
2015-04-01,24.099501
2015-04-06,24.250500
2015-04-07,24.699499
2015-04-08,24.584000
2015-04-09,24.478001
2015-04-10,24.750000
2015-04-13,24.389999
2015-04-15,24.350000
2015-04-16,24.350000
2015-04-17,24.378000
2015-04-20,24.459999
2015-04-21,24.699499
2015-04-22,24.799500
2015-04-23,24.500000
2015-04-24,24.500000
2015-04-27,24.401501
2015-04-28,24.551500
2015-04-29,24.712000
2015-04-30,24.798500
2015-05-04,24.650000
2015-05-05,24.500000
2015-05-06,24.510500
2015-05-07,24.610001
2015-05-08,24.700001
2015-05-11,24.698500
2015-05-12,24.600000
2015-05-13,24.750500
2015-05-14,25.240000
2015-05-15,25.110001
2015-05-18,25.075001
2015-05-19,25.278999
2015-05-20,25.080000
2015-05-21,24.942499
2015-05-22,24.980000
2015-05-25,24.798500
2015-05-26,24.780001
2015-05-27,24.699499
2015-05-28,24.700001
2015-05-29,24.550501
2015-06-01,24.600000
2015-06-02,24.400999
2015-06-03,24.598000
2015-06-04,24.622000
2015-06-05,24.410500
2015-06-08,24.590000
2015-06-09,24.480000
2015-06-10,24.549500
2015-06-11,24.518499
2015-06-12,24.393999
2015-06-15,24.451500
2015-06-16,24.500000
2015-06-17,24.480000
2015-06-18,24.450500
2015-06-19,24.649000
2015-06-22,24.410500
2015-06-23,24.399000
2015-06-24,24.198500
2015-06-25,24.139999
2015-06-26,24.240000
2015-06-29,24.301500
2015-06-30,24.349001
2015-07-01,24.290001
2015-07-02,24.149500
2015-07-03,24.049999
2015-07-06,24.002001
2015-07-07,23.997499
2015-07-08,23.871000
2015-07-09,24.039000
2015-07-10,24.100000
2015-07-13,23.941000
2015-07-14,23.830000
2015-07-15,23.770000
2015-07-16,23.750000
2015-07-17,23.650000
2015-07-20,23.551500
2015-07-21,23.228500
2015-07-22,23.278999
2015-07-23,23.099501
2015-07-24,22.804001
2015-07-27,22.979000
2015-07-28,22.940001
2015-07-29,22.980000
2015-07-30,22.799999
2015-07-31,22.761499
2015-08-03,22.801500
2015-08-04,22.738501
2015-08-05,22.698500
2015-08-06,22.589001
2015-08-07,22.500000
2015-08-10,22.749001
2015-08-11,22.809999
2015-08-12,23.209000
2015-08-13,23.459999
2015-08-14,23.590000
2015-08-17,23.520000
2015-08-18,22.462999
2015-08-19,23.681000
2015-08-20,23.809999
2015-08-21,24.118999
2015-08-24,24.610001
2015-08-25,24.510500
2015-08-26,24.351000
2015-08-27,24.149000
2015-08-28,23.962500
2015-08-31,24.219000
2015-09-01,24.360001
2015-09-02,24.420000
2015-09-03,24.250000
2015-09-04,24.059999
2015-09-07,24.100000
2015-09-08,24.050501
2015-09-09,24.013500
2015-09-10,23.879999
2015-09-11,24.108999
2015-09-14,23.799999
2015-09-15,23.702000
2015-09-16,23.739000
2015-09-18,23.912500
2015-09-21,24.120001
2015-09-22,23.997999
2015-09-23,24.000000
2015-09-24,23.969999
2015-09-28,24.210501
2015-09-29,24.051500
2015-09-30,23.999500
2015-10-01,23.798000
2015-10-05,24.099501
2015-10-06,23.989500
2015-10-07,24.200001
2015-10-08,23.971500
2015-10-09,23.999500
2015-10-12,24.160000
2015-10-13,24.250000
2015-10-14,24.350000
2015-10-15,24.510500
2015-10-16,24.564501
2015-10-19,24.325001
2015-10-20,24.309999
2015-10-21,24.549999
2015-10-23,24.480000
2015-10-26,24.398500
2015-10-27,24.320000
2015-10-28,24.500000
2015-10-29,24.320000
2015-10-30,24.251499
2015-11-02,24.389999
2015-11-03,24.150000
2015-11-04,23.917999
2015-11-05,23.750000
2015-11-06,23.799999
2015-11-09,23.600000
2015-11-10,23.798000
2015-11-13,23.290001
2015-11-16,23.448000
2015-11-17,23.243999
2015-11-18,23.200001
2015-11-19,23.005501
2015-11-20,23.108000
2015-11-23,23.169001
2015-11-24,23.100000
2015-11-26,23.299999
2015-11-27,23.080500
2015-11-30,22.988001
2015-12-01,23.101500
2015-12-02,23.190001
2015-12-03,22.880501
2015-12-04,23.051500
2015-12-07,23.250000
2015-12-08,23.264999
2015-12-09,23.250000
2015-12-10,23.278500
2015-12-11,23.005501
2015-12-14,23.200001
2015-12-15,23.029499
2015-12-16,23.200001
2015-12-17,22.900000
2015-12-18,22.605499
2015-12-21,22.815001
2015-12-22,22.988001
2015-12-23,23.200001
2015-12-24,22.955999
2015-12-28,23.000000
2015-12-29,22.934000
2015-12-30,22.980000
2015-12-31,22.950001
2016-01-01,22.849501
2016-01-04,22.950001
2016-01-05,23.094500
2016-01-06,23.344999
2016-01-07,23.551500
2016-01-08,23.610500
2016-01-11,23.710501
2016-01-12,23.719999
2016-01-13,23.493999
2016-01-14,23.460501
2016-01-15,23.459999
2016-01-18,23.950001
2016-01-19,23.772499
2016-01-20,23.871000
2016-01-21,24.005501
2016-01-22,23.930000
2016-01-25,23.851500
2016-01-27,24.264999
2016-01-28,24.310499
2016-01-29,24.150499
2016-02-01,24.255501
2016-02-02,24.363001
2016-02-03,24.510000
2016-02-04,24.848000
2016-02-05,24.826500
2016-02-08,25.001499
2016-02-09,25.560499
2016-02-10,25.700001
2016-02-11,25.660500
2016-02-12,26.350000
2016-02-15,26.148001
2016-02-16,25.679001
2016-02-17,26.020000
2016-02-18,25.805500
2016-02-19,26.151501
2016-02-22,26.120001
2016-02-23,26.048000
2016-02-24,26.250500
2016-02-25,26.260500
2016-02-26,26.318001
2016-02-29,26.275000
2016-03-01,26.600000
2016-03-02,26.294001
2016-03-03,26.125000
2016-03-04,26.460501
2016-03-08,26.670000
2016-03-09,26.545000
2016-03-10,26.450001
2016-03-11,26.559500
2016-03-14,26.590000
2016-03-15,26.294001
2016-03-16,26.250000
2016-03-17,26.299999
2016-03-18,26.351500
2016-03-21,26.055500
2016-03-22,26.049500
2016-03-23,25.999500
2016-03-28,25.479000
2016-03-29,25.410000
2016-03-30,25.651501
2016-03-31,25.451500
2016-04-01,25.550501
2016-04-04,25.837999
2016-04-05,25.573000
2016-04-06,25.990000
2016-04-07,25.865000
2016-04-08,26.160000
2016-04-11,26.305500
2016-04-12,26.315001
2016-04-13,26.447500
2016-04-18,26.249001
2016-04-20,26.570000
2016-04-21,26.559999
2016-04-22,26.700001
2016-04-25,26.677999
2016-04-26,26.510000
2016-04-27,26.521999
2016-04-28,26.600000
2016-04-29,26.799999
2016-05-02,27.260000
2016-05-03,27.300501
2016-05-04,27.490000
2016-05-05,27.218000
2016-05-06,27.150000
2016-05-09,27.400000
2016-05-10,27.132999
2016-05-11,27.299999
2016-05-12,27.110500
2016-05-13,28.000000
2016-05-16,27.209999
2016-05-17,27.315001
2016-05-18,27.299999
2016-05-19,27.247499
2016-05-20,27.342501
2016-05-23,27.150000
2016-05-24,27.115000
2016-05-25,26.897499
2016-05-26,26.755501
2016-05-27,26.688000
2016-05-30,26.820000
2016-05-31,26.440001
2016-06-01,26.485001
2016-06-02,26.500000
2016-06-03,26.299500
2016-06-06,26.510500
2016-06-07,26.698999
2016-06-08,26.514999
2016-06-09,26.700001
2016-06-10,26.098000
2016-06-13,26.860001
2016-06-14,26.934999
2016-06-15,27.125000
2016-06-16,27.259501
2016-06-17,27.261999
2016-06-20,27.158001
2016-06-21,26.905500
2016-06-22,26.969999
2016-06-23,26.900000
2016-06-24,27.760500
2016-06-27,27.800501
2016-06-28,27.879999
2016-06-29,28.010500
2016-06-30,27.620501
2016-07-01,28.059999
2016-07-04,28.055500
2016-07-05,27.900499
2016-07-07,28.260000
2016-07-08,28.344999
2016-07-11,28.410999
2016-07-12,28.350000
2016-07-13,27.980000
2016-07-14,28.049999
2016-07-15,27.868999
2016-07-18,27.950001
2016-07-19,27.850000
2016-07-20,27.900000
2016-07-21,27.809999
2016-07-22,27.870001
2016-07-25,27.750000
2016-07-26,27.770000
2016-07-27,27.985001
2016-07-28,28.010000
2016-07-29,27.930000
2016-08-01,28.125500
2016-08-02,28.520000
2016-08-03,28.999001
2016-08-04,28.738001
2016-08-05,28.881001
2016-08-08,28.778999
2016-08-09,28.368000
2016-08-10,28.761499
2016-08-11,28.551001
2016-08-12,28.542999
2016-08-16,28.809999
2016-08-17,28.499500
2016-08-18,28.512501
2016-08-19,28.648500
2016-08-22,28.559999
2016-08-23,28.549999
2016-08-24,28.481001
2016-08-25,28.350000
2016-08-26,28.360001
2016-08-29,28.311001
2016-08-30,28.299500
2016-08-31,28.099501
2016-09-01,28.200001
2016-09-02,27.999001
2016-09-06,28.021500
2016-09-07,28.209999
2016-09-08,28.215500
2016-09-09,28.249500
2016-09-12,28.150000
2016-09-14,28.389999
2016-09-15,28.219999
2016-09-16,28.080000
2016-09-19,28.146999
2016-09-20,28.250000
2016-09-21,28.299999
2016-09-22,28.365000
2016-09-23,28.487000
2016-09-26,28.403500
2016-09-27,28.325001
2016-09-28,28.299500
2016-09-29,28.025000
2016-09-30,28.500000
2016-10-03,28.197500
2016-10-04,28.170000
2016-10-05,27.844000
2016-10-06,27.999001
2016-10-07,27.719999
2016-10-10,29.009501
2016-10-13,28.000000
2016-10-14,27.559999
2016-10-17,27.900000
2016-10-18,27.469999
2016-10-19,27.540501
2016-10-20,27.500000
2016-10-21,27.499500
2016-10-24,27.540001
2016-10-25,27.350000
2016-10-26,27.280001
2016-10-27,27.270000
2016-10-28,28.596001
2016-11-01,27.889999
2016-11-02,27.500000
2016-11-03,27.760000
2016-11-04,27.610500
2016-11-07,27.731001
2016-11-08,27.500000
2016-11-09,28.049999
2016-11-10,28.090000
2016-11-11,27.889500
2016-11-15,27.499500
2016-11-16,27.400000
2016-11-17,27.370001
2016-11-18,26.910000
2016-11-21,26.500500
2016-11-22,26.599001
2016-11-23,26.525999
2016-11-24,26.509501
2016-11-25,26.350000
2016-11-28,26.500000
2016-11-29,26.500000
2016-11-30,26.510000
2016-12-01,26.389000
2016-12-02,26.049999
2016-12-05,26.055500
2016-12-06,25.990000
2016-12-07,25.850000
2016-12-08,25.990000
2016-12-09,25.879999
2016-12-12,25.699499
2016-12-13,25.645000
2016-12-14,26.091000
2016-12-15,25.440001
2016-12-16,25.299999
2016-12-19,25.007999
2016-12-20,25.100000
2016-12-21,25.010000
2016-12-22,24.951500
2016-12-23,24.877001
2016-12-26,25.360001
2016-12-27,25.000000
2016-12-28,25.299999
2016-12-29,25.469000
2016-12-30,25.511000
2017-01-02,25.599501
2017-01-03,25.650000
2017-01-04,25.551500
2017-01-05,25.755501
2017-01-06,26.049999
2017-01-09,25.980000
2017-01-10,26.055000
2017-01-11,26.150000
2017-01-12,26.400000
2017-01-13,26.400000
2017-01-16,26.459999
2017-01-17,26.610001
2017-01-18,26.700001
2017-01-19,26.848000
2017-01-20,26.671000
2017-01-23,26.750000
2017-01-24,26.680500
2017-01-25,26.662500
2017-01-27,26.270000
2017-01-30,26.500000
2017-01-31,26.288500
2017-02-01,26.299999
2017-02-02,26.448999
2017-02-03,26.540001
2017-02-06,26.450001
2017-02-07,26.610001
2017-02-08,26.760500
2017-02-09,26.942499
2017-02-10,26.612000
2017-02-13,26.565500
2017-02-14,26.448500
2017-02-15,26.650000
2017-02-16,26.551500
2017-02-17,26.622000
2017-02-20,26.849501
2017-02-21,26.700001
2017-02-22,26.700001
2017-02-23,26.849501
2017-02-27,27.001499
2017-02-28,27.000500
2017-03-01,27.080000
2017-03-02,26.940001
2017-03-03,26.830000
2017-03-06,26.700001
2017-03-07,26.700001
2017-03-08,26.521999
2017-03-09,26.299999
2017-03-10,26.188000
2017-03-14,26.148001
2017-03-15,25.940001
2017-03-16,26.000000
2017-03-17,26.048500
2017-03-20,26.100000
2017-03-21,26.020000
2017-03-22,26.500000
2017-03-23,26.340000
2017-03-24,26.299999
2017-03-27,26.451500
2017-03-28,26.448000
2017-03-29,26.500000
2017-03-30,26.299999
2017-03-31,26.240000
2017-04-03,26.200001
2017-04-05,26.750000
2017-04-06,26.351500
2017-04-07,26.551500
2017-04-10,26.398500
2017-04-11,26.200500
2017-04-12,26.500000
2017-04-13,26.651501
2017-04-17,26.899500
2017-04-18,26.780001
2017-04-19,27.000000
2017-04-20,26.640499
2017-04-21,26.700001
2017-04-24,26.748501
2017-04-25,26.639999
2017-04-26,26.600000
2017-04-27,26.329500
2017-04-28,26.330000
2017-05-02,26.399500
2017-05-03,26.198500
2017-05-04,25.999500
2017-05-05,25.790001
2017-05-08,26.530500
2017-05-09,25.660500
2017-05-10,25.700001
2017-05-11,25.670000
2017-05-12,25.520000
2017-05-15,25.540001
2017-05-16,25.584999
2017-05-17,25.700001
2017-05-18,25.980000
2017-05-19,26.205500
2017-05-22,26.045000
2017-05-23,26.261000
2017-05-24,26.379999
2017-05-25,26.201500
2017-05-26,26.122999
2017-05-29,26.280001
2017-05-30,26.301500
2017-05-31,26.285000
2017-06-01,26.299999
2017-06-02,26.249500
2017-06-05,26.311501
2017-06-06,26.540001
2017-06-07,26.680000
2017-06-08,26.599001
2017-06-09,26.400000
2017-06-12,26.344999
2017-06-13,26.320000
2017-06-14,26.500000
2017-06-15,26.180000
2017-06-16,26.130501
2017-06-19,26.098499
2017-06-20,25.997000
2017-06-21,26.100000
2017-06-22,26.110001
2017-06-23,26.100000
2017-06-27,26.070000
2017-06-28,26.200001
2017-06-29,25.969999
2017-06-30,25.900000
2017-07-03,25.749500
2017-07-04,25.599001
2017-07-05,25.600000
2017-07-06,25.450001
2017-07-07,25.480000
2017-07-10,24.754999
2017-07-11,25.110001
2017-07-12,25.250000
2017-07-13,25.200500
2017-07-14,25.200001
2017-07-17,25.281500
2017-07-18,25.401501
2017-07-19,25.600000
2017-07-20,25.503000
2017-07-21,25.495001
2017-07-24,25.719999
2017-07-25,25.778000
2017-07-26,25.799999
2017-07-27,25.684999
2017-07-28,25.771500
2017-07-31,25.750000
2017-08-01,25.799999
2017-08-02,25.750000
2017-08-03,25.549999
2017-08-04,25.566500
2017-08-07,25.754999
2017-08-08,25.563000
2017-08-09,25.809999
2017-08-10,25.853001
2017-08-11,26.087999
2017-08-14,26.250000
2017-08-16,26.010000
2017-08-17,26.010000
2017-08-18,26.145000
2017-08-21,26.232000
2017-08-22,25.969999
2017-08-23,26.045000
2017-08-24,25.992001
2017-08-28,26.025000
2017-08-29,26.500500
2017-08-30,26.680000
2017-08-31,26.452000
2017-09-01,26.690001
2017-09-04,26.910000
2017-09-05,27.499001
2017-09-06,27.299999
2017-09-07,27.100500
2017-09-08,27.250000
2017-09-11,27.330000
2017-09-12,26.980000
2017-09-13,27.250000
2017-09-14,26.993500
2017-09-15,26.969999
2017-09-18,26.980000
2017-09-19,26.700001
2017-09-20,26.799999
2017-09-21,26.697001
2017-09-22,26.785000
2017-09-25,26.750000
2017-09-26,27.000500
2017-09-27,26.985001
2017-09-28,26.885000
2017-09-29,26.719999
2017-10-03,26.700001
2017-10-04,26.700001
2017-10-05,26.510000
2017-10-06,26.476999
2017-10-09,26.568001
2017-10-10,26.635000
2017-10-11,26.750000
2017-10-12,26.851500
2017-10-13,27.000000
2017-10-16,26.959999
2017-10-17,26.889999
2017-10-18,26.900000
2017-10-19,26.850000
2017-10-23,26.865000
2017-10-24,26.600000
2017-10-25,26.545000
2017-10-26,26.400499
2017-10-27,26.360001
2017-10-30,26.271000
2017-10-31,26.305000
2017-11-01,26.500000
2017-11-02,26.330000
2017-11-03,26.299999
2017-11-06,26.239000
2017-11-07,26.271000
2017-11-08,26.500000
2017-11-09,26.458500
2017-11-10,26.450500
2017-11-13,26.504999
2017-11-14,26.500000
2017-11-15,26.600000
2017-11-16,26.501499
2017-11-17,26.400000
2017-11-20,26.518000
2017-11-21,26.528000
2017-11-22,26.440001
2017-11-23,26.600000
2017-11-24,26.500000
2017-11-27,26.649500
2017-11-28,26.501499
2017-11-29,26.700001
2017-11-30,26.440001
2017-12-01,26.250000
2017-12-04,26.580000
2017-12-05,26.120001
2017-12-06,26.170000
2017-12-07,26.000500
2017-12-08,25.798500
2017-12-11,25.632000
2017-12-12,25.598499
2017-12-13,25.698500
2017-12-14,25.618000
2017-12-15,25.738501
2017-12-18,25.650000
2017-12-19,25.656000
2017-12-20,25.790001
2017-12-21,25.750000
2017-12-22,25.790001
2017-12-26,25.825001
2017-12-27,26.100000
2017-12-28,26.201500
2017-12-29,26.398001
2018-01-01,26.308001
2018-01-02,26.490000
2018-01-03,26.600000
2018-01-04,26.400000
2018-01-05,26.443001
2018-01-08,26.509501
2018-01-09,26.430000
2018-01-10,26.700001
2018-01-11,26.552000
2018-01-12,26.629999
2018-01-15,26.837999
2018-01-16,26.900000
2018-01-17,27.200001
2018-01-18,26.948500
2018-01-19,26.799999
2018-01-22,26.950001
2018-01-23,26.954000
2018-01-24,27.250000
2018-01-25,27.209999
2018-01-29,27.181499
2018-01-30,27.000000
2018-01-31,27.200001
2018-02-01,27.089001
2018-02-02,27.250999
2018-02-05,27.239000
2018-02-06,27.310499
2018-02-07,27.289499
2018-02-08,26.998501
2018-02-09,26.950001
2018-02-12,27.000000
2018-02-14,27.200001
2018-02-15,27.350000
2018-02-16,27.469999
2018-02-19,27.599001
2018-02-20,27.559999
2018-02-21,27.400000
2018-02-22,27.318501
2018-02-23,27.334999
2018-02-26,27.346500
2018-02-27,27.449499
2018-02-28,27.500000
2018-03-01,27.278000
2018-03-05,27.299999
2018-03-06,27.254999
2018-03-07,27.410000
2018-03-08,27.421000
2018-03-09,27.278500
2018-03-12,27.240000
2018-03-13,27.207001
2018-03-14,27.250000
2018-03-15,27.274500
2018-03-16,27.220501
2018-03-19,27.129000
2018-03-20,27.035500
2018-03-21,27.250000
2018-03-22,27.281000
2018-03-23,27.456499
2018-03-26,27.558001
2018-03-27,27.556499
2018-03-28,27.750000
2018-04-02,27.434999
2018-04-03,27.620001
2018-04-04,27.479500
2018-04-05,27.700001
2018-04-06,27.448000
2018-04-09,27.235500
2018-04-10,27.401501
2018-04-11,27.799999
2018-04-12,27.855499
2018-04-13,27.825001
2018-04-16,27.747999
2018-04-17,27.950001
2018-04-18,28.150000
2018-04-19,28.250000
2018-04-20,28.188000
2018-04-23,28.040001
2018-04-24,27.950001
2018-04-25,27.907000
2018-04-26,28.005501
2018-04-27,27.825500
2018-04-30,27.913000
2018-05-02,28.000000
2018-05-03,27.698000
2018-05-04,27.747999
2018-05-07,27.809999
2018-05-08,27.910000
2018-05-09,27.921000
2018-05-10,27.920000
2018-05-11,28.500000
2018-05-14,28.169001
2018-05-15,28.150999
2018-05-16,27.841999
2018-05-17,27.670000
2018-05-18,27.750000
2018-05-21,27.715000
2018-05-22,27.655500
2018-05-23,27.820000
2018-05-24,27.882999
2018-05-25,27.900000
2018-05-28,27.740000
2018-05-29,27.740000
2018-05-30,27.761000
2018-05-31,27.799999
2018-06-01,27.799999
2018-06-04,27.548500
2018-06-05,27.518999
2018-06-06,27.500000
2018-06-07,27.459999
2018-06-08,27.559999
2018-06-11,27.730000
2018-06-12,27.555000
2018-06-13,27.530001
2018-06-14,27.600000
2018-06-15,27.730000
2018-06-18,27.548500
2018-06-19,27.548500
2018-06-20,27.445999
2018-06-21,27.302999
2018-06-22,27.230000
2018-06-25,27.281000
2018-06-26,27.330000
2018-06-27,27.150999
2018-06-28,27.344999
2018-06-29,27.225000
2018-07-02,27.130501
2018-07-03,27.080000
2018-07-04,27.309999
2018-07-05,27.350000
2018-07-06,27.350000
2018-07-09,27.340000
2018-07-10,27.355000
2018-07-11,27.350000
2018-07-12,27.100000
2018-07-13,26.999500
2018-07-16,26.825001
2018-07-17,26.938499
2018-07-18,26.700001
2018-07-19,26.600000
2018-07-20,26.650000
2018-07-23,26.656500
2018-07-24,26.799500
2018-07-25,26.700001
2018-07-26,26.889999
2018-07-27,26.600000
2018-07-30,26.540501
2018-07-31,26.604000
2018-08-01,26.700001
2018-08-02,26.485001
2018-08-03,26.455000
2018-08-06,26.355000
2018-08-07,26.350000
2018-08-08,26.500000
2018-08-09,26.344500
2018-08-10,26.299999
2018-08-13,26.501499
2018-08-14,26.450001
2018-08-16,26.302999
2018-08-17,26.249500
2018-08-20,26.250000
2018-08-21,26.252501
2018-08-23,26.391500
2018-08-24,26.500000
2018-08-27,26.500999
2018-08-28,26.712500
2018-08-29,27.200001
2018-08-30,26.951500
2018-08-31,26.981501
2018-09-03,27.000000
2018-09-04,26.950001
2018-09-05,27.090000
2018-09-06,26.995001
2018-09-07,27.278500
2018-09-10,27.099501
2018-09-11,27.151501
2018-09-12,27.350000
2018-09-14,27.280001
2018-09-17,27.180000
2018-09-18,27.360001
2018-09-19,27.464001
2018-09-21,27.600000
2018-09-24,27.399500
2018-09-25,27.400000
2018-09-26,27.500000
2018-09-27,27.209999
2018-09-28,27.100000
2018-10-01,26.950001
2018-10-03,27.500500
2018-10-04,28.149500
2018-10-05,27.889000
2018-10-08,27.840000
2018-10-09,27.736000
2018-10-10,27.799999
2018-10-11,27.800501
2018-10-12,28.151501
2018-10-15,28.200001
2018-10-16,28.400499
2018-10-17,28.400000
2018-10-19,28.400000
2018-10-22,28.549999
2018-10-23,28.360001
2018-10-24,28.750000
2018-10-25,28.451500
2018-10-26,28.411501
2018-10-29,28.473000
2018-10-30,28.400000
2018-10-31,28.490000
2018-11-01,28.398500
2018-11-02,28.451500
2018-11-05,28.288000
2018-11-06,28.438499
2018-11-07,28.500000
2018-11-09,28.200001
2018-11-12,28.007500
2018-11-13,27.650000
2018-11-14,27.599501
2018-11-15,27.799999
2018-11-16,27.625999
2018-11-19,27.570999
2018-11-20,27.459999
2018-11-21,27.629999
2018-11-22,27.510000
2018-11-26,27.350500
2018-11-27,27.301500
2018-11-28,27.350000
2018-11-29,27.059500
2018-11-30,27.109501
2018-12-03,27.001499
2018-12-04,27.352501
2018-12-05,27.700001
2018-12-06,27.500500
2018-12-07,27.649000
2018-12-10,27.809999
2018-12-11,28.285000
2018-12-12,28.299999
2018-12-13,28.010000
2018-12-14,27.954500
2018-12-17,27.900000
2018-12-18,27.865000
2018-12-19,27.799999
2018-12-20,27.570000
2018-12-21,27.639999
2018-12-24,27.750999
2018-12-26,28.000000
2018-12-27,28.000000
2018-12-28,28.025000
2018-12-31,27.951500
2019-01-01,28.020000
2019-01-02,28.250000
2019-01-03,28.311501
2019-01-04,28.449499
2019-01-07,28.105499
2019-01-08,28.219500
2019-01-09,28.174999
2019-01-10,28.500999
2019-01-11,28.564501
2019-01-14,28.530500
2019-01-15,28.610001
2019-01-16,28.700001
2019-01-17,28.719999
2019-01-18,28.813000
2019-01-21,28.200001
2019-01-22,28.590000
2019-01-23,29.000000
2019-01-24,28.700001
2019-01-25,28.677999
2019-01-28,28.859501
2019-01-29,29.021000
2019-01-30,29.264999
2019-01-31,29.251499
2019-02-01,29.301500
2019-02-04,29.565001
2019-02-05,29.480000
2019-02-06,29.500000
2019-02-07,29.549999
2019-02-08,29.290001
2019-02-11,29.270000
2019-02-12,29.299999
2019-02-14,29.125000
2019-02-15,29.254999
2019-02-18,29.632000
2019-02-19,29.721001
2019-02-20,30.000000
2019-02-21,29.819500
2019-02-22,29.549000
2019-02-25,29.581499
2019-02-26,29.620501
2019-02-27,29.700001
2019-02-28,29.549999
2019-03-01,28.912001
2019-03-05,29.250000
2019-03-06,28.750000
2019-03-07,28.410000
2019-03-08,28.341499
2019-03-11,28.520500
2019-03-12,28.500000
2019-03-13,28.500000
2019-03-14,28.550501
2019-03-15,28.350000
2019-03-18,28.209999
2019-03-19,28.160000
2019-03-20,28.351500
2019-03-22,28.198500
2019-03-25,28.549999
2019-03-26,28.401501
2019-03-27,28.500000
2019-03-28,28.338499
2019-04-01,28.150000
2019-04-02,28.155001
2019-04-03,28.250000
2019-04-04,27.945999
2019-04-05,27.960501
2019-04-08,28.202499
2019-04-09,28.331499
2019-04-10,28.400000
2019-04-11,28.298500
2019-04-12,28.099501
2019-04-15,28.048500
2019-04-16,28.150000
2019-04-18,28.250000
2019-04-22,27.945000
2019-04-23,28.000000
2019-04-24,28.100000
2019-04-25,28.174500
2019-04-26,28.161501
2019-04-30,28.101500
2019-05-02,28.100000
2019-05-03,27.844999
2019-05-06,28.100000
2019-05-07,28.112499
2019-05-08,28.249001
2019-05-09,28.000999
2019-05-10,28.150000
2019-05-13,28.121000
2019-05-14,28.551001
2019-05-15,28.535000
2019-05-16,28.500000
2019-05-17,28.301001
2019-05-20,27.855000
2019-05-21,27.910000
2019-05-22,27.965000
2019-05-23,27.811001
2019-05-24,28.101500
2019-05-27,28.000000
2019-05-28,28.098499
2019-05-29,28.250000
2019-05-30,28.055500
2019-05-31,28.179501
2019-06-03,28.502001
2019-06-04,28.698999
2019-06-06,28.800501
2019-06-07,28.948500
2019-06-10,28.829500
2019-06-11,28.756500
2019-06-12,28.750500
2019-06-13,28.708000
2019-06-14,28.952000
2019-06-17,29.188999
2019-06-18,28.991501
2019-06-19,29.044500
2019-06-20,29.503000
2019-06-21,30.021000
2019-06-24,30.148001
2019-06-25,30.322001
2019-06-26,30.325001
2019-06-27,29.699499
2019-06-28,29.952000
2019-07-01,29.698500
2019-07-02,29.644501
2019-07-03,30.000500
2019-07-04,30.138000
2019-07-05,30.044500
2019-07-08,30.020000
2019-07-09,30.247999
2019-07-10,30.200500
2019-07-11,30.415001
2019-07-12,30.416500
2019-07-15,30.398001
2019-07-16,30.582001
2019-07-17,30.500999
2019-07-18,30.702000
2019-07-19,31.305000
2019-07-22,31.052000
2019-07-23,30.870001
2019-07-24,30.903999
2019-07-25,30.848499
2019-07-26,30.794500
2019-07-29,30.747999
2019-07-30,30.698000
2019-07-31,30.735001
2019-08-01,30.598000
2019-08-02,30.902000
2019-08-05,31.999500
2019-08-06,31.589500
2019-08-07,32.500500
2019-08-08,32.751499
2019-08-09,32.898499
2019-08-13,32.900501
2019-08-14,33.500000
2019-08-16,32.952000
2019-08-19,32.998001
2019-08-20,33.090000
2019-08-21,33.299999
2019-08-22,33.087502
2019-08-23,33.151501
2019-08-26,33.651001
2019-08-27,33.948002
2019-08-28,34.150002
2019-08-29,34.301498
2019-08-30,34.740002
2019-09-03,34.428001
2019-09-04,35.000000
2019-09-05,34.651501
2019-09-06,34.098999
2019-09-09,33.250000
2019-09-11,33.849998
2019-09-12,33.249500
2019-09-13,33.098499
2019-09-16,33.196999
2019-09-17,33.430000
2019-09-18,33.202000
2019-09-19,32.997501
2019-09-20,32.751499
2019-09-23,33.000000
2019-09-24,33.030998
2019-09-25,33.250000
2019-09-26,33.189999
2019-09-27,33.025501
2019-09-30,33.019501
2019-10-01,32.950001
2019-10-03,33.060501
2019-10-04,33.397999
2019-10-07,33.634998
2019-10-09,33.849998
2019-10-10,33.889999
2019-10-11,33.561001
2019-10-14,33.498001
2019-10-15,33.898499
2019-10-16,34.150002
2019-10-17,33.950001
2019-10-18,33.939999
2019-10-22,33.882999
2019-10-23,33.750000
2019-10-24,33.848499
2019-10-25,33.862000
2019-10-27,34.349998
2019-10-29,34.139999
2019-10-30,33.799999
2019-10-31,33.702000
2019-11-01,34.000000
2019-11-04,34.169998
2019-11-05,34.169998
2019-11-06,34.043499
2019-11-07,33.950001
2019-11-08,33.505501
2019-11-11,32.844002
2019-11-13,33.950001
2019-11-14,33.897999
2019-11-15,33.600498
2019-11-18,33.529499
2019-11-19,33.610001
2019-11-20,33.895000
2019-11-21,33.950001
2019-11-22,33.599998
2019-11-25,33.600498
2019-11-26,33.347000
2019-11-27,33.494499
2019-11-28,33.297501
2019-11-29,33.369999
2019-12-02,33.519501
2019-12-03,33.495998
2019-12-04,33.750000
2019-12-05,33.711498
2019-12-06,33.660000
2019-12-09,33.535500
2019-12-10,33.229000
2019-12-11,33.402000
2019-12-12,33.313499
2019-12-13,33.187500
2019-12-16,33.479000
2019-12-17,33.443001
2019-12-18,33.701000
2019-12-19,0.302000
2019-12-20,0.338000
2019-12-23,33.700001
2019-12-24,33.750000
2019-12-26,34.049999
2019-12-27,34.099998
2019-12-30,34.349998
2019-12-31,34.400002
2020-01-01,34.799999
2020-01-02,34.450001
2020-01-03,34.549999
2020-01-06,35.400002
2020-01-07,35.900002
2020-01-08,36.150002
2020-01-09,35.950001
2020-01-10,35.099998
2020-01-13,35.200001
2020-01-14,34.150002
2020-01-15,35.000000
2020-01-16,35.799999
2020-01-17,35.000000
2020-01-20,35.000000
2020-01-21,35.500000
2020-01-22,35.299999
2020-01-23,35.340000
2020-01-24,35.299999
2020-01-27,35.700001
2020-01-28,35.830002
2020-01-29,36.000000
2020-01-30,35.849998
2020-01-31,36.000000
2020-02-03,36.799999
2020-02-04,35.799999
2020-02-05,36.000000
2020-02-06,35.500000
2020-02-07,35.919998
2020-02-10,35.840000
2020-02-11,35.790001
2020-02-12,35.840000
2020-02-13,35.950001
2020-02-14,35.250000
2020-02-17,36.250000
2020-02-18,36.139999
2020-02-19,36.900002
2020-02-20,36.750000
2020-02-24,37.810001
2020-02-25,38.599998
2020-02-26,37.490002
2020-02-27,37.400002
2020-02-28,37.810001
2020-03-02,36.939999
2020-03-03,37.450001
2020-03-04,38.000000
2020-03-05,38.099998
2020-03-06,38.750000
2020-03-09,41.799999
2020-03-11,38.009998
2020-03-12,38.090000
2020-03-13,37.299999
2020-03-16,37.349998
2020-03-17,35.189999
2020-03-18,36.049999
2020-03-19,35.400002
2020-03-20,35.209999
2020-03-23,36.209999
2020-03-24,36.020000
2020-03-25,36.939999
2020-03-26,36.900002
2020-03-27,36.310001
2020-03-30,38.400002
2020-03-31,39.740002
2020-04-01,38.209999
2020-04-03,38.349998
2020-04-07,39.610001
2020-04-08,39.669998
2020-04-09,39.889999
2020-04-13,41.240002
2020-04-15,44.000000
2020-04-16,42.820000
2020-04-17,43.119999
2020-04-20,45.049999
2020-04-21,41.810001
2020-04-22,41.799999
2020-04-23,42.790001
2020-04-24,42.700001
2020-04-27,43.090000
2020-04-28,42.450001
2020-04-29,42.650002
2020-04-30,42.500000
2020-05-04,42.570000
2020-05-05,42.700001
2020-05-06,41.750000
2020-05-07,41.889999
2020-05-08,41.840000
2020-05-11,41.580002
2020-05-12,41.439999
2020-05-13,41.189999
2020-05-14,41.160000
2020-05-15,41.820000
2020-05-18,42.900002
2020-05-19,42.150002
2020-05-20,42.000000
2020-05-21,41.810001
2020-05-22,41.480000
2020-05-26,41.790001
2020-05-27,42.000000
2020-05-28,41.500000
2020-05-29,41.200001
2020-06-01,41.369999
2020-06-02,41.160000
2020-06-03,40.990002
2020-06-04,40.720001
2020-06-05,41.189999
2020-06-08,40.889999
2020-06-09,40.990002
2020-06-10,41.500000
2020-06-11,41.240002
2020-06-12,41.990002
2020-06-15,41.520000
2020-06-16,41.820000
2020-06-17,41.509998
2020-06-18,41.650002
2020-06-19,41.990002
2020-06-22,42.779999
2020-06-23,43.070000
2020-06-24,42.220001
2020-06-25,42.639999
2020-06-26,42.490002
2020-06-29,42.330002
2020-06-30,42.490002
2020-07-01,43.250000
2020-07-02,42.750000
2020-07-03,42.290001
2020-07-06,42.230000
2020-07-07,42.439999
2020-07-08,42.700001
2020-07-09,43.009998
2020-07-10,43.349998
2020-07-13,43.139999
2020-07-14,43.299999
2020-07-15,43.189999
2020-07-16,43.220001
2020-07-17,43.099998
2020-07-20,43.110001
2020-07-21,43.139999
2020-07-22,43.810001
2020-07-23,44.099998
2020-07-24,44.660000
2020-07-27,45.250000
2020-07-28,47.009998
2020-07-29,46.000000
2020-07-30,46.740002
2020-07-31,47.000000
2020-08-03,47.139999
2020-08-04,47.349998
2020-08-05,49.000000
2020-08-06,48.459999
2020-08-07,49.209999
2020-08-10,48.700001
2020-08-11,48.240002
2020-08-12,47.049999
2020-08-13,46.090000
2020-08-14,46.389999
2020-08-17,46.320000
2020-08-18,46.689999
2020-08-19,48.000000
2020-08-20,46.189999
2020-08-21,46.049999
2020-08-24,46.450001
2020-08-25,46.200001
2020-08-26,45.250000
2020-08-27,51.500000
2020-08-28,45.450001
2020-08-31,45.950001
2020-09-01,45.700001
2020-09-02,45.209999
2020-09-03,44.950001
2020-09-04,38.700001
2020-09-07,45.250000
2020-09-08,44.950001
2020-09-09,45.450001
2020-09-10,45.650002
2020-09-11,45.450001
2020-09-14,45.450001
2020-09-15,45.950001
2020-09-16,45.889999
2020-09-17,39.500000
2020-09-18,45.439999
2020-09-21,45.480000
2020-09-22,44.849998
2020-09-23,44.950001
2020-09-24,43.880001
2020-09-25,43.889999
2020-09-28,43.889999
2020-09-29,43.990002
2020-09-30,44.810001
2020-10-01,44.810001
2020-10-05,44.650002
2020-10-06,39.000000
2020-10-07,44.130001
2020-10-08,38.200001
2020-10-09,44.950001
2020-10-12,49.250000
2020-10-13,39.000000
2020-10-14,44.400002
2020-10-15,44.389999
2020-10-16,45.000000
2020-10-19,44.470001
2020-10-20,44.500000
2020-10-21,45.000000
2020-10-22,44.860001
2020-10-23,44.689999
2020-10-26,45.500000
2020-10-27,51.200001
2020-10-28,48.900002
2020-10-29,44.450001
2020-10-30,44.389999
2020-11-02,47.980000
2020-11-03,46.000000
2020-11-04,49.500000
2020-11-05,49.299999
2020-11-06,46.000000
2020-11-09,47.669998
2020-11-10,44.820000
2020-11-11,44.290001
2020-11-12,46.700001
2020-11-13,45.000000
2020-11-14,48.980000
2020-11-17,44.790001
2020-11-18,44.389999
2020-11-19,38.400002
2020-11-20,45.349998
2020-11-23,45.990002
2020-11-24,44.000000
2020-11-25,42.529999
2020-11-26,42.759998
2020-11-27,37.400002
2020-12-01,44.270000
2020-12-02,44.799999
2020-12-03,43.490002
2020-12-04,43.439999
2020-12-07,43.080002
2020-12-08,43.680000
2020-12-09,43.990002
2020-12-10,44.799999
2020-12-11,43.799999
2020-12-14,42.770000
2020-12-15,42.779999
2020-12-16,43.090000
2020-12-17,43.459999
2020-12-18,44.799999
2020-12-21,44.139999
2020-12-22,49.959999
2020-12-23,43.680000
2020-12-24,48.980000
2020-12-28,48.980000
2020-12-29,43.779999
2020-12-30,43.779999
2020-12-31,47.980000
2021-01-01,47.980000
2021-01-04,46.950001
2021-01-05,46.849998
2021-01-06,44.980000
2021-01-07,46.980000
2021-01-08,44.340000
2021-01-11,45.400002
2021-01-12,43.230000
2021-01-13,46.799999
2021-01-14,46.799999
2021-01-15,45.299999
2021-01-18,45.849998
2021-01-19,44.980000
2021-01-20,44.799999
2021-01-21,44.799999
2021-01-22,45.000000
2021-01-25,44.799999
2021-01-27,43.700001
2021-01-28,40.099998
2021-01-29,43.799999
2021-02-01,43.970001
2021-02-02,43.450001
2021-02-03,43.200001
2021-02-04,42.799999
2021-02-05,42.700001
2021-02-08,42.599998
2021-02-09,43.000000
2021-02-10,42.950001
2021-02-11,42.599998
2021-02-12,41.380001
2021-02-15,42.490002
2021-02-16,41.380001
2021-02-17,40.980000
2021-02-18,40.680000
2021-02-19,41.980000
2021-02-22,41.599998
2021-02-23,41.700001
2021-02-24,40.830002
2021-02-25,42.400002
2021-02-26,40.220001
2021-03-01,41.980000
2021-03-02,41.400002
2021-03-03,41.299999
2021-03-04,39.180000
2021-03-05,40.000000
2021-03-08,40.700001
2021-03-09,38.639999
2021-03-10,39.180000
2021-03-12,39.799999
2021-03-15,39.700001
2021-03-16,40.400002
2021-03-17,40.099998
2021-03-18,39.639999
2021-03-19,39.290001
2021-03-22,40.099998
2021-03-23,40.400002
2021-03-24,39.180000
2021-03-25,39.080002
2021-03-26,38.779999
2021-03-30,39.860001
2021-03-31,38.279999
2021-04-01,39.700001
2021-04-05,39.950001
2021-04-06,38.200001
2021-04-07,39.779999
2021-04-08,40.400002
2021-04-09,40.950001
2021-04-12,40.419998
2021-04-13,40.470001
2021-04-15,40.770000
2021-04-16,40.990002
2021-04-19,41.240002
2021-04-20,41.060001
2021-04-22,41.849998
2021-04-23,41.669998
2021-04-26,41.419998
2021-04-27,41.320000
2021-04-28,40.980000
2021-04-29,37.279999
2021-04-30,40.950001
2021-05-03,41.700001
2021-05-04,41.060001
2021-05-05,40.840000
2021-05-06,42.590000
2021-05-07,41.470001
2021-05-10,41.570000
2021-05-11,41.639999
2021-05-12,41.290001
2021-05-14,41.270000
2021-05-17,43.480000
2021-05-18,42.470001
2021-05-19,42.169998
2021-05-20,42.470001
2021-05-21,42.270000
2021-05-24,44.279999
2021-05-25,42.169998
2021-05-26,42.669998
2021-05-27,42.480000
2021-05-28,44.880001
2021-05-31,42.759998
2021-06-01,42.779999
2021-06-02,42.669998
2021-06-03,42.919998
2021-06-04,42.240002
2021-06-07,42.570000
2021-06-08,42.669998
2021-06-09,42.639999
2021-06-10,42.570000
2021-06-11,42.869999
2021-06-14,42.270000
2021-06-15,42.169998
2021-06-16,44.099998
2021-06-17,44.889999
2021-06-18,41.169998
2021-06-21,40.869999
2021-06-22,41.139999
2021-06-23,41.180000
2021-06-24,44.099998
2021-06-25,40.919998
2021-06-28,44.000000
2021-06-29,40.820000
2021-06-30,40.480000
2021-07-01,41.169998
2021-07-02,41.240002
2021-07-05,41.279999
2021-07-06,41.540001
2021-07-07,41.599998
2021-07-08,41.720001
2021-07-09,41.740002
2021-07-12,44.099998
2021-07-13,41.779999
2021-07-14,42.000000
2021-07-15,41.970001
2021-07-16,41.980000
2021-07-19,43.599998
2021-07-20,42.130001
2021-07-22,44.099998
2021-07-23,38.650002
2021-07-26,42.000000
2021-07-27,40.580002
2021-07-28,42.279999
2021-07-29,42.580002
2021-07-30,42.380001
2021-08-02,41.939999
2021-08-03,42.279999
2021-08-04,41.939999
2021-08-05,44.400002
2021-08-06,41.880001
2021-08-09,41.080002
2021-08-10,40.840000
2021-08-11,40.869999
2021-08-12,40.939999
2021-08-13,40.980000
2021-08-16,41.419998
2021-08-17,41.680000
2021-08-18,41.000000
2021-08-20,41.480000
2021-08-23,41.340000
2021-08-24,41.580002
2021-08-25,41.480000
2021-08-26,44.400002
2021-08-27,41.380001
2021-08-30,41.779999
2021-08-31,41.480000
2021-09-01,44.230000
2021-09-02,41.240002
2021-09-03,40.660000
2021-09-06,41.480000
2021-09-07,41.619999
2021-09-08,41.220001
2021-09-09,41.220001
2021-09-13,40.950001
2021-09-14,41.119999
2021-09-15,41.430000
2021-09-16,41.220001
2021-09-17,40.520000
2021-09-20,40.320000
2021-09-21,43.599998
2021-09-22,40.639999
2021-09-23,40.480000
2021-09-24,40.220001
2021-09-27,40.619999
2021-09-28,40.119999
2021-09-29,40.320000
2021-09-30,40.360001
2021-10-01,40.650002
2021-10-04,39.880001
2021-10-05,40.580002
2021-10-06,40.480000
2021-10-07,40.950001
2021-10-08,40.820000
2021-10-11,40.919998
2021-10-12,40.980000
2021-10-13,41.119999
2021-10-14,41.060001
2021-10-18,44.000000
2021-10-19,41.240002
2021-10-20,41.520000
2021-10-21,41.270000
2021-10-22,35.799999
2021-10-25,41.529999
2021-10-26,41.790001
2021-10-27,41.720001
2021-10-28,43.799999
2021-10-29,41.919998
2021-11-01,41.720001
2021-11-02,41.320000
2021-11-03,41.439999
2021-11-04,41.779999
2021-11-08,42.080002
2021-11-09,41.959999
2021-11-10,41.779999
2021-11-11,42.570000
2021-11-12,42.970001
2021-11-15,42.880001
2021-11-16,42.980000
2021-11-17,42.799999
2021-11-18,43.080002
2021-11-22,42.470001
2021-11-23,42.060001
2021-11-24,41.680000
2021-11-25,41.459999
2021-11-26,41.639999
2021-11-29,41.759998
2021-11-30,41.680000
2021-12-01,41.430000
2021-12-02,41.570000
2021-12-03,41.270000
2021-12-06,41.779999
2021-12-07,41.720001
2021-12-08,41.520000
2021-12-09,41.779999
2021-12-10,41.419998
2021-12-13,41.680000
2021-12-14,41.459999
2021-12-15,41.779999
2021-12-16,42.169998
2021-12-17,41.880001
2021-12-20,42.560001
2021-12-21,42.119999
2021-12-22,41.959999
2021-12-23,42.220001
2021-12-24,42.080002
2021-12-27,42.040001
2021-12-28,41.919998
2021-12-29,41.880001
2021-12-30,41.779999
2021-12-31,41.919998
2022-01-03,42.070000
2022-01-04,41.779999
2022-01-05,41.980000
2022-01-06,41.820000
2022-01-07,41.580002
2022-01-10,41.439999
2022-01-11,41.580002
2022-01-12,41.680000
2022-01-13,41.820000
2022-01-14,41.320000
2022-01-17,41.820000
2022-01-18,41.820000
2022-01-19,41.840000
2022-01-20,42.439999
2022-01-21,42.380001
2022-01-24,42.139999
2022-01-25,42.320000
2022-01-27,42.160000
2022-01-28,41.880001
2022-01-31,41.720001
2022-02-01,41.680000
2022-02-02,41.919998
2022-02-03,41.360001
2022-02-04,41.849998
2022-02-07,41.880001
2022-02-08,41.970001
2022-02-09,42.180000
2022-02-10,41.880001
2022-02-11,42.500000
2022-02-14,43.320000
2022-02-15,43.060001
2022-02-16,43.080002
2022-02-17,43.080002
2022-02-18,43.849998
2022-02-21,43.639999
2022-02-22,43.740002
2022-02-23,43.720001
2022-02-24,43.970001
2022-02-25,44.619999
2022-02-28,43.990002
2022-03-02,44.200001
2022-03-03,44.849998
2022-03-04,44.400002
2022-03-07,45.250000
2022-03-08,46.400002
2022-03-09,47.599998
2022-03-10,43.650002
2022-03-11,45.880001
2022-03-14,45.880001
2022-03-15,44.980000
2022-03-16,44.500000
2022-03-17,44.779999
2022-03-21,44.820000
2022-03-22,44.959999
2022-03-23,44.869999
2022-03-24,45.270000
2022-03-25,45.419998
2022-03-28,45.240002
2022-03-29,44.840000
2022-03-30,44.639999
2022-03-31,44.480000
2022-04-01,43.150002
2022-04-04,44.720001
2022-04-05,44.580002
2022-04-06,44.580002
2022-04-07,44.779999
2022-04-08,45.080002
2022-04-11,45.180000
2022-04-12,44.880001
2022-04-13,46.299999
2022-04-18,45.799999
2022-04-19,46.320000
2022-04-20,47.490002
2022-04-21,47.599998
2022-04-22,45.840000
2022-04-25,45.259998
2022-04-26,44.840000
2022-04-27,45.240002
2022-04-28,44.299999
2022-04-29,52.450001
2022-05-02,44.470001
2022-05-04,43.980000
2022-05-05,45.400002
2022-05-06,46.820000
2022-05-09,44.889999
2022-05-10,44.790001
2022-05-11,44.139999
2022-05-12,43.779999
2022-05-13,43.840000
2022-05-16,43.580002
2022-05-17,43.779999
2022-05-18,43.520000
2022-05-19,43.650002
2022-05-20,43.349998
2022-05-23,44.439999
2022-05-24,44.380001
2022-05-25,44.340000
2022-05-26,45.110001
2022-05-27,44.279999
2022-05-30,44.279999
2022-05-31,44.090000
2022-06-01,43.880001
2022-06-02,44.299999
2022-06-03,44.560001
2022-06-06,44.950001
2022-06-07,44.180000
2022-06-08,44.060001
2022-06-09,44.139999
2022-06-10,44.150002
2022-06-13,44.689999
2022-06-14,44.080002
2022-06-15,43.669998
2022-06-16,43.950001
2022-06-17,44.139999
2022-06-20,44.060001
2022-06-21,44.080002
2022-06-22,43.779999
2022-06-23,43.980000
2022-06-24,44.599998
2022-06-27,43.970001
2022-06-28,43.799999
2022-06-29,44.040001
2022-06-30,44.599998
2022-07-01,43.869999
2022-07-04,45.049999
2022-07-05,45.380001
2022-07-06,44.439999
2022-07-07,44.900002
2022-07-08,43.939999
2022-07-11,44.090000
2022-07-12,43.810001
2022-07-13,43.860001
2022-07-14,43.950001
2022-07-15,43.689999
2022-07-18,43.650002
2022-07-19,43.750000
2022-07-20,43.639999
2022-07-21,43.320000
2022-07-22,43.599998
2022-07-25,44.290001
2022-07-26,43.889999
2022-07-27,45.459999
2022-07-28,44.070000
2022-07-29,38.299999
2022-08-01,44.439999
2022-08-02,44.490002
2022-08-03,44.180000
2022-08-04,44.480000
2022-08-05,44.959999
2022-08-08,44.849998
2022-08-10,44.990002
2022-08-11,44.869999
2022-08-12,45.119999
2022-08-16,45.160000
2022-08-17,44.840000
2022-08-18,44.730000
2022-08-19,44.529999
2022-08-22,44.110001
2022-08-23,44.290001
2022-08-24,44.459999
2022-08-25,44.689999
2022-08-26,44.689999
2022-08-29,44.470001
2022-08-30,43.820000
2022-09-01,43.580002
2022-09-02,43.529999
2022-09-05,43.700001
2022-09-06,43.840000
2022-09-07,43.450001
2022-09-08,43.740002
2022-09-09,43.759998
2022-09-12,48.000000
2022-09-13,43.580002
2022-09-14,43.490002
2022-09-15,43.270000
2022-09-16,42.939999
2022-09-19,42.740002
2022-09-20,42.779999
2022-09-21,42.689999
2022-09-22,42.799999
2022-09-23,43.290001
2022-09-26,42.869999
2022-09-27,42.889999
2022-09-28,42.119999
2022-09-29,42.549999
2022-09-30,43.279999
2022-10-03,43.439999
2022-10-04,43.490002
2022-10-06,44.580002
2022-10-07,44.299999
2022-10-10,44.400002
2022-10-11,44.470001
2022-10-12,43.220001
2022-10-13,43.830002
2022-10-14,43.669998
2022-10-17,43.380001
2022-10-18,43.220001
2022-10-19,43.740002
2022-10-20,43.180000
2022-10-21,43.080002
2022-10-24,44.360001
2022-10-25,43.680000
2022-10-27,37.599998
2022-10-28,43.740002
2022-10-31,43.380001
2022-11-01,43.490002
2022-11-02,43.500000
2022-11-03,43.480000
2022-11-04,43.459999
2022-11-07,43.450001
2022-11-09,43.950001
2022-11-10,44.290001
2022-11-11,44.560001
2022-11-14,44.849998
2022-11-15,45.270000
2022-11-16,45.290001
2022-11-17,45.330002
2022-11-18,45.270000
2022-11-21,45.160000
2022-11-22,45.040001
2022-11-23,45.099998
2022-11-24,45.279999
2022-11-25,45.299999
2022-11-28,45.259998
2022-11-29,45.060001
2022-11-30,45.209999
2022-12-01,45.509998
2022-12-02,46.029999
2022-12-05,46.299999
2022-12-06,45.970001
2022-12-07,46.080002
2022-12-08,46.209999
2022-12-09,46.389999
2022-12-12,46.380001
2022-12-13,46.349998
2022-12-14,46.580002
2022-12-15,46.480000
2022-12-16,45.830002
2022-12-19,46.470001
2022-12-20,46.380001
2022-12-21,47.110001
2022-12-22,47.279999
2022-12-23,46.740002
2022-12-26,47.119999
2022-12-27,46.939999
2022-12-28,47.099998
2022-12-29,46.900002
2022-12-30,46.990002
2023-01-02,47.419998
2023-01-03,47.490002
2023-01-04,47.650002
2023-01-05,48.110001
2023-01-06,47.779999
2023-01-09,47.720001
2023-01-10,48.119999
2023-01-11,47.950001
2023-01-12,49.450001
2023-01-13,48.110001
2023-01-16,48.380001
2023-01-17,49.060001
2023-01-18,49.950001
2023-01-19,49.900002
2023-01-20,49.950001
2023-01-23,48.540001
2023-01-24,49.240002
2023-01-25,49.209999
2023-01-27,48.900002
2023-01-30,49.259998
2023-01-31,50.250000
2023-02-01,48.970001
2023-02-02,50.380001
2023-02-03,52.000000
2023-02-06,48.990002
2023-02-07,49.209999
2023-02-08,49.480000
2023-02-09,50.700001
2023-02-10,48.980000
2023-02-13,50.099998
2023-02-14,48.799999
2023-02-15,48.689999
2023-02-16,49.599998
2023-02-17,48.340000
2023-02-20,48.369999
2023-02-21,48.779999
2023-02-22,47.779999
2023-02-23,48.049999
2023-02-24,48.009998
2023-02-27,47.990002
2023-02-28,47.650002
2023-03-01,47.849998
2023-03-02,48.160000
2023-03-03,47.939999
2023-03-06,47.860001
2023-03-08,47.189999
2023-03-09,47.369999
2023-03-10,47.180000
2023-03-13,48.849998
2023-03-14,49.400002
2023-03-15,49.250000
2023-03-16,49.799999
2023-03-17,49.950001
2023-03-20,50.790001
2023-03-21,52.450001
2023-03-22,50.099998
2023-03-23,50.700001
2023-03-24,50.500000
2023-03-27,50.759998
2023-03-28,50.680000
2023-03-29,50.970001
2023-03-31,50.799999
2023-04-03,50.700001
2023-04-05,51.799999
2023-04-06,51.639999
2023-04-10,51.680000
2023-04-11,51.450001
2023-04-12,51.970001
2023-04-13,51.990002
2023-04-17,51.700001
2023-04-18,50.930000
2023-04-19,51.840000
2023-04-20,51.900002
2023-04-21,51.650002
2023-04-24,51.509998
2023-04-25,51.680000
2023-04-26,51.669998
2023-04-27,51.680000
2023-04-28,51.380001
2023-05-02,51.529999
2023-05-03,52.849998
2023-05-04,53.599998
2023-05-05,53.080002
2023-05-08,52.200001
2023-05-09,52.299999
2023-05-10,52.549999
2023-05-11,52.430000
2023-05-12,52.150002
2023-05-15,52.340000
2023-05-16,52.299999
2023-05-17,51.750000
2023-05-18,51.599998
2023-05-19,51.490002
2023-05-22,49.900002
2023-05-23,52.400002
2023-05-24,52.270000
2023-05-25,51.750000
2023-05-26,53.000000
2023-05-29,51.299999
2023-05-30,51.430000
2023-05-31,51.480000
2023-06-01,51.439999
2023-06-02,51.330002
2023-06-05,51.000000
2023-06-06,50.810001
2023-06-07,51.299999
2023-06-08,50.910000
2023-06-09,51.380001
2023-06-12,50.950001
2023-06-13,50.980000
2023-06-14,50.700001
2023-06-15,50.430000
2023-06-16,50.549999
2023-06-19,50.779999
2023-06-20,50.360001
2023-06-21,50.330002
2023-06-22,50.099998
2023-06-23,49.599998
2023-06-26,51.250000
2023-06-27,48.500000
2023-06-28,49.779999
2023-06-30,49.860001
2023-07-03,50.799999
2023-07-04,51.049999
2023-07-05,50.240002
2023-07-06,49.950001
2023-07-07,51.400002
2023-07-10,51.500000
2023-07-11,51.549999
2023-07-12,50.279999
2023-07-13,50.250000
2023-07-14,50.650002
2023-07-17,51.500000
2023-07-18,50.650002
2023-07-19,50.799999
2023-07-20,51.250000
2023-07-21,50.950001
2023-07-24,50.650002
2023-07-25,52.150002
2023-07-26,49.049999
2023-07-27,49.299999
2023-07-28,50.220001
2023-07-31,52.200001
2023-08-01,52.200001
2023-08-02,50.599998
2023-08-03,50.730000
2023-08-04,52.049999
2023-08-07,52.000000
2023-08-08,52.000000
2023-08-09,52.000000
2023-08-10,51.900002
2023-08-11,50.180000
2023-08-14,51.650002
2023-08-16,50.480000
2023-08-17,51.599998
2023-08-18,49.820000
2023-08-21,49.660000
2023-08-22,51.150002
2023-08-23,50.180000
2023-08-24,51.299999
2023-08-25,50.020000
2023-08-28,50.029999
2023-08-29,51.299999
2023-08-30,51.500000
2023-08-31,50.349998
2023-09-01,50.400002
2023-09-04,50.549999
2023-09-05,50.430000
2023-09-06,50.320000
2023-09-07,51.799999
2023-09-08,50.470001
2023-09-11,50.209999
2023-09-12,50.169998
2023-09-13,51.500000
2023-09-14,50.080002
2023-09-15,51.400002
2023-09-18,50.570000
2023-09-20,50.459999
2023-09-21,49.599998
2023-09-22,50.200001
2023-09-25,50.299999
2023-09-26,50.220001
2023-09-27,49.939999
2023-09-28,49.389999
2023-09-29,49.250000
2023-10-03,47.799999
2023-10-04,50.299999
2023-10-05,48.549999
2023-10-06,48.340000
2023-10-09,49.849998
2023-10-10,49.290001
2023-10-11,49.180000
2023-10-12,49.200001
2023-10-13,49.389999
2023-10-16,50.950001
2023-10-17,50.389999
2023-10-18,51.299999
2023-10-19,50.939999
2023-10-20,51.459999
2023-10-23,51.590000
2023-10-25,51.689999
2023-10-26,51.900002
2023-10-27,51.980000
2023-10-30,52.299999
2023-10-31,52.139999
2023-11-01,51.900002
2023-11-02,51.900002
2023-11-03,51.470001
2023-11-06,51.799999
2023-11-07,51.599998
2023-11-08,51.500000
2023-11-09,51.099998
2023-11-10,51.299999
2023-11-13,51.279999
2023-11-15,51.700001
2023-11-16,53.000000
2023-11-17,51.950001
2023-11-20,52.799999
2023-11-21,52.599998
2023-11-22,52.240002
2023-11-23,52.389999
2023-11-24,52.900002
2023-11-28,53.750000
2023-11-29,53.849998
2023-11-30,54.650002
2023-12-01,54.750000
2023-12-04,54.349998
2023-12-05,53.099998
2023-12-06,52.939999
2023-12-07,53.000000
2023-12-08,53.099998
2023-12-11,52.110001
2023-12-12,51.980000
2023-12-13,53.400002
2023-12-14,53.400002
2023-12-15,52.500000
2023-12-18,52.700001
2023-12-19,52.599998
2023-12-20,52.750000
2023-12-21,52.900002
2023-12-22,54.450001
2023-12-26,53.500000
2023-12-27,53.590000
2023-12-28,54.099998
2023-12-29,54.650002
2024-01-01,53.750000
2024-01-02,53.900002
2024-01-03,53.849998
2024-01-04,53.299999
2024-01-05,53.400002
2024-01-08,53.540001
2024-01-09,53.240002
2024-01-10,53.220001
2024-01-11,52.900002
2024-01-12,52.840000
2024-01-15,53.200001
2024-01-16,54.849998
2024-01-17,52.849998
2024-01-18,54.250000
2024-01-19,53.119999
2024-01-23,53.180000
2024-01-24,52.700001
2024-01-25,52.810001
2024-01-29,54.000000
2024-01-30,53.000000
2024-01-31,54.700001
2024-02-01,53.970001
2024-02-02,53.900002
2024-02-05,53.450001
2024-02-06,54.549999
2024-02-07,53.189999
2024-02-08,53.590000
2024-02-09,52.910000
2024-02-12,53.000000
2024-02-13,54.349998
2024-02-14,52.650002
2024-02-15,52.389999
2024-02-16,52.500000
2024-02-19,53.900002
2024-02-20,54.200001
2024-02-21,52.860001
2024-02-22,52.680000
2024-02-23,52.980000
2024-02-26,53.060001
2024-02-27,54.299999
2024-02-28,53.119999
2024-02-29,54.200001
2024-03-01,53.700001
2024-03-04,54.000000
2024-03-05,54.700001
2024-03-06,54.900002
2024-03-07,55.000000
2024-03-11,56.189999
2024-03-12,56.200001
2024-03-13,55.700001
2024-03-14,56.220001
2024-03-15,55.900002
2024-03-18,55.500000
2024-03-19,56.000000
2024-03-20,55.900002
2024-03-21,57.400002
2024-03-22,57.000000
2024-03-26,56.400002
2024-03-27,56.230000
2024-03-28,57.900002
2024-04-01,58.299999
2024-04-02,58.450001
2024-04-03,59.200001
2024-04-04,59.490002
2024-04-05,60.700001
2024-04-08,59.919998
2024-04-09,60.630001
2024-04-10,62.349998
2024-04-12,61.799999
2024-04-15,62.000000
2024-04-16,62.389999
2024-04-18,62.180000
2024-04-19,62.349998
2024-04-22,62.189999
2024-04-23,62.700001
2024-04-24,60.900002
2024-04-25,60.799999
2024-04-26,61.380001
2024-04-29,61.650002
2024-04-30,62.209999
2024-05-02,61.200001
2024-05-03,61.270000
2024-05-06,60.840000
2024-05-07,60.990002
2024-05-08,60.900002
2024-05-09,60.860001
2024-05-10,61.000000
2024-05-13,62.000000
2024-05-14,62.700001
2024-05-15,61.650002
2024-05-16,62.029999
2024-05-17,62.700001
2024-05-21,64.800003
2024-05-22,62.900002
2024-05-23,61.990002
2024-05-24,61.000000
2024-05-27,61.189999
2024-05-28,61.389999
2024-05-29,61.500000
2024-05-30,61.290001
2024-05-31,61.000000
2024-06-03,60.799999
2024-06-04,61.389999
2024-06-05,60.560001
2024-06-06,61.500000
2024-06-07,61.500000
2024-06-10,60.900002
2024-06-11,60.480000
2024-06-12,60.570000
2024-06-13,61.799999
2024-06-14,60.900002
2024-06-18,60.880001
2024-06-19,60.790001
2024-06-20,61.279999
2024-06-21,60.799999
2024-06-24,61.000000
2024-06-25,60.880001
2024-06-26,60.740002
2024-06-27,60.220001
2024-06-28,60.520000
2024-07-01,61.799999
2024-07-02,60.750000
2024-07-03,60.990002
2024-07-04,61.590000
2024-07-05,61.590000
2024-07-08,62.900002
2024-07-09,61.590000
2024-07-10,61.680000
2024-07-11,61.639999
2024-07-12,62.000000
2024-07-15,62.180000
2024-07-16,62.299999
2024-07-18,62.500000
2024-07-19,62.450001
2024-07-22,63.799999
2024-07-23,62.180000
2024-07-24,60.500000
2024-07-25,59.869999
2024-07-26,60.849998
2024-07-29,60.500000
2024-07-30,59.490002
2024-07-31,60.099998
2024-08-01,58.820000
2024-08-02,59.299999
2024-08-05,59.740002
2024-08-06,58.980000
2024-08-07,58.580002
2024-08-08,58.410000
2024-08-09,58.500000
2024-08-12,58.910000
2024-08-13,59.299999
2024-08-14,59.490002
2024-08-16,59.380001
2024-08-19,60.000000
2024-08-20,60.590000
2024-08-21,60.910000
2024-08-22,60.500000
2024-08-23,60.299999
2024-08-26,60.500000
2024-08-27,60.700001
2024-08-28,60.779999
2024-08-29,60.689999
2024-08-30,60.650002
2024-09-02,60.480000
2024-09-03,60.369999
2024-09-04,60.279999
2024-09-05,60.000000
2024-09-06,61.169998
2024-09-09,60.639999
2024-09-10,60.500000
2024-09-11,60.419998
2024-09-12,60.500000
2024-09-13,61.840000
2024-09-16,62.240002
2024-09-17,63.000000
2024-09-18,61.939999
2024-09-19,61.680000
2024-09-20,62.400002
2024-09-23,63.599998
2024-09-24,63.000000
2024-09-25,63.430000
2024-09-26,63.869999
2024-09-27,64.000000
2024-09-30,65.400002
2024-10-01,65.449997
2024-10-03,65.300003
2024-10-04,63.580002
2024-10-07,64.500000
2024-10-08,64.000000
2024-10-09,63.410000
2024-10-10,63.340000
2024-10-11,64.900002
2024-10-14,63.619999
2024-10-15,64.110001
2024-10-16,64.339996
2024-10-17,64.500000
2024-10-18,65.300003
2024-10-21,65.989998
2024-10-22,67.400002
2024-10-23,66.279999
2024-10-24,65.870003
2024-10-25,66.129997
2024-10-28,65.900002
2024-10-29,66.250000
2024-10-30,67.000000
2024-10-31,67.580002
2024-11-01,66.919998
2024-11-04,66.900002
2024-11-05,66.120003
2024-11-06,66.500000
2024-11-07,64.900002
2024-11-08,64.529999
2024-11-11,64.730003
2024-11-12,63.740002
2024-11-13,63.389999
2024-11-14,62.480000
2024-11-18,62.750000
2024-11-19,64.699997
2024-11-21,64.849998
2024-11-22,66.500000
2024-11-25,64.980003
2024-11-26,63.849998
2024-11-27,64.879997
2024-11-28,63.860001
2024-11-29,64.169998
2024-12-02,64.080002
2024-12-03,64.800003
2024-12-04,64.379997
2024-12-05,64.750000
2024-12-06,63.950001
2024-12-09,64.550003
2024-12-10,65.139999
2024-12-11,64.910004
2024-12-12,65.480003
2024-12-13,66.699997
2024-12-16,64.550003
2024-12-17,66.400002
2024-12-18,66.000000
2024-12-19,63.779999
2024-12-20,63.049999
2024-12-23,64.320000
2024-12-24,62.799999
2024-12-26,64.139999
2024-12-27,65.900002
2024-12-30,64.540001
2024-12-31,63.630001
2025-01-01,65.089996
2025-01-02,66.300003
2025-01-03,65.290001
2025-01-06,65.070000
2025-01-07,66.550003
2025-01-08,66.699997
2025-01-09,66.120003
2025-01-10,65.889999
2025-01-13,65.709999
2025-01-14,66.279999
2025-01-15,68.000000
2025-01-16,66.320000
2025-01-17,66.650002
2025-01-20,66.599998
2025-01-21,68.599998
2025-01-22,67.250000
2025-01-23,67.660004
2025-01-24,67.620003
2025-01-27,68.389999
2025-01-28,67.690002
2025-01-29,68.290001
2025-01-30,68.220001
2025-01-31,68.620003
2025-02-01,70.000000
2025-02-03,70.000000
2025-02-04,71.750000
2025-02-05,72.199997
2025-02-06,71.720001
2025-02-07,73.550003
2025-02-10,73.699997
2025-02-11,73.449997
2025-02-12,71.970001
2025-02-13,72.580002
2025-02-14,71.860001
2025-02-17,71.680000
2025-02-18,72.000000
2025-02-19,72.879997
2025-02-20,73.180000
2025-02-21,72.680000
2025-02-24,72.879997
2025-02-25,73.180000
2025-02-27,72.680000
2025-02-28,71.639999
2025-03-03,71.599998
2025-03-04,72.470001
2025-03-05,72.580002
2025-03-06,72.849998
2025-03-07,72.570000
2025-03-10,71.989998
2025-03-11,72.169998
2025-03-12,72.059998
2025-03-13,72.620003
2025-03-17,73.879997
2025-03-18,73.529999
2025-03-19,74.779999
2025-03-20,73.589996
2025-03-21,74.779999
2025-03-24,74.180000
2025-03-25,73.349998
2025-03-26,73.480003
2025-03-27,73.970001
2025-03-28,73.639999
2025-04-01,75.839996
2025-04-02,77.480003
2025-04-03,78.500000
2025-04-04,75.860001
2025-04-07,74.599998
2025-04-08,76.050003
2025-04-09,73.989998
2025-04-11,76.059998
2025-04-15,78.500000
2025-04-16,78.400002
2025-04-17,80.250000
2025-04-21,80.849998
2025-04-22,82.519997
2025-04-23,81.480003
2025-04-24,80.389999
2025-04-25,80.820000
2025-04-28,80.800003
2025-04-29,81.199997
2025-04-30,79.989998
2025-05-02,78.699997
2025-05-05,78.949997
2025-05-06,81.400002
2025-05-07,83.000000
2025-05-08,81.919998
2025-05-09,80.480003
2025-05-12,79.379997
2025-05-13,78.029999
2025-05-14,78.680000
2025-05-15,77.139999
2025-05-16,79.349998
2025-05-19,78.419998
2025-05-20,77.970001
2025-05-21,80.169998
2025-05-22,80.419998
2025-05-23,79.970001
2025-05-26,79.510002
2025-05-27,80.519997
2025-05-28,81.949997
2025-05-29,79.739998
2025-05-30,79.989998
2025-06-02,80.900002
2025-06-03,82.500000
2025-06-04,81.769997
2025-06-05,83.750000
2025-06-06,81.949997
2025-06-09,80.820000
2025-06-10,80.379997
2025-06-11,82.400002
2025-06-12,82.379997
2025-06-13,83.830002
2025-06-16,84.199997
2025-06-17,84.199997
2025-06-18,84.300003
2025-06-19,82.500000
2025-06-20,82.000000
2025-06-23,83.330002
2025-06-24,81.389999
2025-06-25,80.500000
2025-06-26,81.389999
2025-06-27,80.550003
2025-06-30,82.199997
2025-07-01,80.949997
2025-07-02,81.169998
2025-07-03,81.379997
2025-07-04,81.449997
2025-07-07,80.900002
2025-07-08,81.540001
2025-07-09,83.199997
2025-07-10,80.330002
2025-07-11,80.900002
2025-07-14,82.500000
2025-07-15,83.199997
2025-07-16,81.320000
2025-07-17,83.790001
2025-07-18,82.570000
2025-07-21,84.180000
2025-07-22,84.589996
2025-07-23,83.769997
2025-07-24,84.699997
2025-07-25,82.599998
2025-07-28,83.889999
2025-07-29,84.489998
2025-07-30,82.580002
2025-07-31,82.180000
2025-08-01,84.669998
2025-08-04,83.989998
2025-08-05,82.559998
2025-08-06,84.199997
2025-08-07,84.599998
2025-08-08,84.500000
2025-08-11,83.839996
2025-08-12,84.000000
2025-08-13,82.000000
2025-08-14,84.400002
2025-08-18,83.500000
2025-08-19,83.250000
2025-08-20,84.779999
2025-08-21,80.019997
2025-08-22,83.199997
2025-08-25,83.930000
2025-08-26,86.010002
2025-08-28,84.199997
2025-08-29,84.419998
2025-09-01,86.760002
2025-09-02,87.400002
2025-09-03,87.480003
2025-09-04,88.900002
2025-09-05,88.160004
2025-09-08,89.290001
2025-09-09,90.160004
2025-09-10,91.800003
2025-09-11,90.000000
2025-09-12,91.599998
2025-09-15,93.000000
2025-09-16,92.620003
2025-09-17,91.900002
2025-09-18,92.300003
2025-09-19,92.800003
2025-09-22,92.000000
2025-09-23,94.129997
2025-09-24,95.900002
2025-09-25,97.000000
2025-09-26,93.389999
2025-09-29,94.800003
2025-09-30,97.739998
2025-10-01,97.599998
2025-10-03,96.879997
2025-10-06,98.199997
2025-10-07,99.220001
2025-10-08,100.099998
2025-10-09,102.599998
2025-10-10,100.000000
2025-10-13,102.599998
2025-10-14,105.730003
2025-10-15,105.199997
2025-10-16,105.349998
2025-10-17,105.730003
2025-10-20,106.900002
2025-10-21,108.209999
2025-10-23,105.199997
2025-10-27,100.750000
2025-10-28,99.980003
2025-10-29,98.000000
2025-10-30,99.260002
2025-10-31,99.760002
2025-11-03,100.019997
2025-11-04,99.830002
2025-11-06,99.129997
2025-11-07,99.980003
2025-11-10,101.190002
2025-11-11,102.830002
2025-11-12,102.980003
2025-11-13,104.160004
2025-11-14,105.120003
2025-11-17,103.360001
2025-11-18,100.870003
2025-11-19,101.250000
2025-11-20,101.500000
2025-11-21,101.650002
2025-11-24,101.989998
2025-11-25,103.220001
2025-11-26,103.910004
2025-11-27,104.099998
2025-11-28,104.599998
2025-12-01,106.089996
2025-12-02,106.650002
2025-12-03,106.250000
2025-12-04,106.669998
2025-12-05,106.269997
2025-12-08,106.769997
2025-12-09,106.760002
2025-12-10,106.849998
2025-12-11,106.860001
2025-12-12,108.199997
2025-12-15,110.449997
2025-12-16,109.459999
2025-12-17,110.129997
2025-12-18,110.050003
2025-12-19,109.790001
2025-12-22,110.699997
2025-12-23,112.519997
2025-12-24,113.489998
2025-12-26,113.370003
2025-12-29,115.440002
2025-12-30,111.779999
2025-12-31,111.169998
2026-01-01,110.349998
2026-01-02,111.620003
2026-01-05,112.160004
2026-01-06,113.620003
2026-01-07,113.510002
2026-01-08,112.730003
2026-01-09,113.260002
2026-01-12,115.699997
2026-01-13,116.980003
2026-01-14,117.830002
2026-01-15,118.010002
2026-01-16,117.790001
2026-01-19,119.150002
2026-01-20,121.989998
2026-01-21,127.000000
2026-01-22,131.440002
2026-01-23,129.100006
2026-01-27,130.550003
2026-01-28,132.000000
2026-01-29,143.000000
2026-01-30,138.699997
2026-02-02,121.989998
2026-02-03,120.099998
2026-02-04,128.250000
2026-02-05,125.879997
2026-02-06,123.889999
2026-02-09,129.100006
2026-02-10,127.980003
2026-02-11,128.339996
2026-02-12,129.000000
2026-02-13,126.500000
2026-02-16,127.080002
2026-02-17,126.000000
2026-02-18,124.209999
2026-02-19,126.110001
2026-02-20,126.879997
2026-02-23,130.720001
2026-02-24,130.110001
2026-02-25,131.100006
2026-02-26,132.690002
2026-02-27,130.699997
2026-03-02,140.100006
2026-03-04,134.399994
2026-03-05,136.000000
2026-03-06,132.309998
2026-03-09,129.889999
2026-03-10,131.509995
2026-03-11,133.429993
2026-03-12,131.899994
2026-03-13,131.380005
2026-03-16,128.000000
2026-03-17,127.820000
2026-03-18,127.879997
2026-03-19,125.879997
2026-03-20,122.669998
2026-03-23,116.639999
2026-03-24,111.620003
2026-03-25,118.370003
2026-03-27,118.339996
2026-03-30,120.430000
2026-04-01,125.620003
2026-04-02,123.129997
2026-04-06,120.889999
2026-04-07,122.230003
2026-04-08,125.180000
2026-04-09,122.970001
2026-04-10,123.519997
2026-04-13,123.440002
2026-04-15,125.750000
2026-04-16,125.320000
2026-04-17,125.260002
2026-04-20,125.180000
2026-04-21,125.099998
2026-04-22,124.989998
2026-04-23,124.269997
2026-04-24,123.870003
2026-04-27,124.809998
2026-04-28,124.070000
2026-04-29,122.660004
2026-04-30,122.699997
2026-05-01,123.430000
2026-05-04,123.379997
2026-05-05,121.480003
2026-05-06,123.309998
2026-05-07,124.470001
2026-05-08,124.550003
2026-05-11,124.169998
2026-05-12,125.500000
2026-05-13,131.100006
2026-05-14,131.649994
2026-05-15,135.070007
2026-05-18,129.410004
2026-05-19,130.679993
2026-05-20,129.880005
2026-05-21,132.800003
2026-05-22,130.729996
2026-05-25,130.500000
2026-05-26,130.139999
2026-05-27,129.029999
2026-05-28,129.039993
2026-05-29,129.039993
2026-06-01,128.320007
2026-06-02,126.910004
2026-06-03,128.360001
2026-06-04,130.830002
2026-06-05,128.039993
2026-06-08,124.980003
2026-06-09,126.639999
2026-06-10,121.959999
2026-06-11,114.400002
2026-06-12,121.209999
2026-06-15,123.519997
2026-06-16,124.139999
2026-06-17,124.010002
2026-06-18,123.750000
2026-06-19,119.849998
2026-06-22,120.239998
2026-06-23,121.120003
2026-06-24,118.900002
2026-06-25,114.879997
2026-06-26,114.959999
2026-06-29,120.000000
2026-06-30,116.900002
2026-07-01,115.360001
2026-07-02,118.339996
2026-07-03,119.550003
2026-07-06,123.000000
2026-07-07,119.370003
2026-07-08,118.550003
2026-07-09,116.970001
2026-07-10,118.419998
2026-07-13,116.470001
2026-07-14,116.400002
2026-07-15,116.750000
2026-07-16,116.389999
2026-07-17,115.949997
2026-07-20,116.029999
2026-07-21,117.019997
2026-07-22,119.180000
2026-07-23,119.480003
2026-07-24,118.699997
2026-07-27,118.529999
2026-07-28,117.480003
2026-07-29,116.830002
2026-07-30,116.849998
2026-07-31,117.370003
2026-08-03,117.199997
2026-08-04,117.260002
2026-08-05,118.059998
2026-08-06,122.370003
2026-08-07,122.239998
2026-08-10,124.029999
2026-08-11,126.660004
2026-08-12,125.830002
2026-08-13,126.040001
2026-08-14,124.540001
2026-08-17,125.870003
2026-08-18,126.849998
2026-08-19,125.629997
2026-08-20,127.830002
2026-08-21,130.139999
2026-08-24,132.860001
2026-08-25,133.020004
2026-08-26,132.309998
2026-08-27,131.240005
2026-08-28,129.649994
2026-09-01,127.190002
