Date,Type,Price
2022-02-04,Open,60.959599
2022-02-04,Close,60.959599
2022-02-07,Open,60.000000
2022-02-07,Close,61.770000
2022-02-08,Open,62.000000
2022-02-08,Close,62.279999
2022-02-09,Open,62.500000
2022-02-09,Close,62.770000
2022-02-10,Open,63.000000
2022-02-10,Close,62.799999
2022-02-11,Open,62.980000
2022-02-11,Close,62.360001
2022-02-14,Open,62.400002
2022-02-14,Close,64.089996
2022-02-15,Open,64.199997
2022-02-15,Close,63.189999
2022-02-16,Open,63.299999
2022-02-16,Close,63.240002
2022-02-17,Open,64.000000
2022-02-17,Close,63.869999
2022-02-18,Open,64.000000
2022-02-18,Close,63.790001
2022-02-21,Open,63.990002
2022-02-21,Close,63.419998
2022-02-22,Open,63.500000
2022-02-22,Close,64.290001
2022-02-23,Open,64.290001
2022-02-23,Close,64.080002
2022-02-24,Open,64.150002
2022-02-24,Close,66.980003
2022-02-25,Open,66.980003
2022-02-25,Close,64.680000
2022-02-28,Open,65.000000
2022-02-28,Close,64.849998
2022-03-02,Open,66.599998
2022-03-02,Close,67.089996
2022-03-03,Open,67.300003
2022-03-03,Close,67.480003
2022-03-04,Open,67.599998
2022-03-04,Close,67.519997
2022-03-07,Open,67.599998
2022-03-07,Close,70.370003
2022-03-08,Open,71.199997
2022-03-08,Close,70.559998
2022-03-09,Open,71.580002
2022-03-09,Close,70.650002
2022-03-10,Open,68.500000
2022-03-10,Close,68.500000
2022-03-11,Open,68.699997
2022-03-11,Close,69.470001
2022-03-14,Open,69.989998
2022-03-14,Close,68.489998
2022-03-15,Open,68.000000
2022-03-15,Close,66.959999
2022-03-16,Open,66.959999
2022-03-16,Close,67.139999
2022-03-17,Open,68.250000
2022-03-17,Close,67.550003
2022-03-21,Open,67.750000
2022-03-21,Close,67.349998
2022-03-22,Open,67.800003
2022-03-22,Close,67.470001
2022-03-23,Open,67.300003
2022-03-23,Close,67.339996
2022-03-24,Open,67.800003
2022-03-24,Close,67.519997
2022-03-25,Open,67.800003
2022-03-25,Close,68.599998
2022-03-28,Open,67.000000
2022-03-28,Close,67.349998
2022-03-29,Open,67.500000
2022-03-29,Close,66.389999
2022-03-30,Open,66.660004
2022-03-30,Close,66.650002
2022-03-31,Open,66.650002
2022-03-31,Close,66.300003
2022-04-01,Open,66.599998
2022-04-01,Close,66.720001
2022-04-04,Open,66.980003
2022-04-04,Close,66.540001
2022-04-05,Open,66.500000
2022-04-05,Close,66.150002
2022-04-06,Open,66.000000
2022-04-06,Close,65.980003
2022-04-07,Open,66.250000
2022-04-07,Close,66.040001
2022-04-08,Open,66.379997
2022-04-08,Close,66.480003
2022-04-11,Open,66.690002
2022-04-11,Close,67.349998
2022-04-12,Open,68.000000
2022-04-12,Close,67.400002
2022-04-13,Open,67.800003
2022-04-13,Close,69.000000
2022-04-18,Open,68.309998
2022-04-18,Close,69.620003
2022-04-19,Open,69.879997
2022-04-19,Close,69.599998
2022-04-20,Open,69.180000
2022-04-20,Close,68.059998
2022-04-21,Open,68.199997
2022-04-21,Close,67.459999
2022-04-22,Open,67.830002
2022-04-22,Close,66.330002
2022-04-25,Open,66.330002
2022-04-25,Close,65.309998
2022-04-26,Open,65.599998
2022-04-26,Close,65.419998
2022-04-27,Open,65.599998
2022-04-27,Close,64.980003
2022-04-28,Open,64.980003
2022-04-28,Close,64.250000
2022-04-29,Open,64.400002
2022-04-29,Close,64.570000
2022-05-02,Open,64.449997
2022-05-02,Close,62.830002
2022-05-04,Open,62.500000
2022-05-04,Close,62.630001
2022-05-05,Open,62.700001
2022-05-05,Close,63.349998
2022-05-06,Open,63.340000
2022-05-06,Close,62.490002
2022-05-09,Open,64.010002
2022-05-09,Close,61.980000
2022-05-10,Open,62.290001
2022-05-10,Close,61.639999
2022-05-11,Open,61.500000
2022-05-11,Close,61.360001
2022-05-12,Open,61.360001
2022-05-12,Close,59.990002
2022-05-13,Open,59.990002
2022-05-13,Close,59.139999
2022-05-16,Open,59.500000
2022-05-16,Close,59.980000
2022-05-17,Open,60.400002
2022-05-17,Close,61.380001
2022-05-18,Open,61.380001
2022-05-18,Close,61.180000
2022-05-19,Open,61.299999
2022-05-19,Close,60.580002
2022-05-20,Open,61.990002
2022-05-20,Close,61.900002
2022-05-23,Open,63.400002
2022-05-23,Close,62.020000
2022-05-24,Open,61.450001
2022-05-24,Close,61.360001
2022-05-25,Open,61.720001
2022-05-25,Close,61.439999
2022-05-26,Open,61.200001
2022-05-26,Close,61.119999
2022-05-27,Open,61.400002
2022-05-27,Close,62.209999
2022-05-30,Open,62.189999
2022-05-30,Close,61.790001
2022-05-31,Open,61.740002
2022-05-31,Close,61.330002
2022-06-01,Open,64.800003
2022-06-01,Close,60.419998
2022-06-02,Open,64.800003
2022-06-02,Close,61.610001
2022-06-03,Open,61.990002
2022-06-03,Close,62.130001
2022-06-06,Open,62.200001
2022-06-06,Close,62.180000
2022-06-07,Open,62.000000
2022-06-07,Close,61.599998
2022-06-08,Open,61.660000
2022-06-08,Close,61.709999
2022-06-09,Open,61.720001
2022-06-09,Close,61.560001
2022-06-10,Open,60.990002
2022-06-10,Close,60.570000
2022-06-13,Open,61.380001
2022-06-13,Close,60.689999
2022-06-14,Open,64.800003
2022-06-14,Close,59.770000
2022-06-15,Open,60.000000
2022-06-15,Close,60.459999
2022-06-16,Open,61.240002
2022-06-16,Close,60.709999
2022-06-17,Open,60.500000
2022-06-17,Close,61.320000
2022-06-20,Open,61.099998
2022-06-20,Close,60.849998
2022-06-21,Open,61.150002
2022-06-21,Close,60.910000
2022-06-22,Open,60.009998
2022-06-22,Close,60.290001
2022-06-23,Open,60.240002
2022-06-23,Close,60.049999
2022-06-24,Open,60.049999
2022-06-24,Close,59.330002
2022-06-27,Open,59.599998
2022-06-27,Close,60.580002
2022-06-28,Open,60.299999
2022-06-28,Close,60.360001
2022-06-29,Open,59.880001
2022-06-29,Close,59.299999
2022-06-30,Open,59.310001
2022-06-30,Close,58.970001
2022-07-01,Open,59.000000
2022-07-01,Close,57.970001
2022-07-04,Open,58.900002
2022-07-04,Close,58.009998
2022-07-05,Open,58.200001
2022-07-05,Close,58.259998
2022-07-06,Open,64.500000
2022-07-06,Close,57.349998
2022-07-07,Open,57.450001
2022-07-07,Close,57.270000
2022-07-08,Open,57.900002
2022-07-08,Close,56.689999
2022-07-11,Open,56.500000
2022-07-11,Close,56.799999
2022-07-12,Open,57.799999
2022-07-12,Close,56.180000
2022-07-13,Open,57.000000
2022-07-13,Close,56.279999
2022-07-14,Open,56.700001
2022-07-14,Close,56.020000
2022-07-15,Open,55.750000
2022-07-15,Close,54.680000
2022-07-18,Open,55.900002
2022-07-18,Close,55.910000
2022-07-19,Open,55.200001
2022-07-19,Close,55.580002
2022-07-20,Open,56.980000
2022-07-20,Close,55.610001
2022-07-21,Open,55.250000
2022-07-21,Close,54.389999
2022-07-22,Open,55.110001
2022-07-22,Close,55.169998
2022-07-25,Open,54.990002
2022-07-25,Close,54.849998
2022-07-26,Open,54.450001
2022-07-26,Close,54.290001
2022-07-27,Open,54.290001
2022-07-27,Close,54.650002
2022-07-28,Open,55.250000
2022-07-28,Close,56.049999
2022-07-29,Open,56.200001
2022-07-29,Close,57.400002
2022-08-01,Open,57.599998
2022-08-01,Close,57.950001
2022-08-02,Open,57.700001
2022-08-02,Close,57.490002
2022-08-03,Open,57.049999
2022-08-03,Close,56.889999
2022-08-04,Open,57.000000
2022-08-04,Close,57.830002
2022-08-05,Open,57.900002
2022-08-05,Close,57.369999
2022-08-08,Open,57.099998
2022-08-08,Close,57.689999
2022-08-10,Open,57.799999
2022-08-10,Close,58.360001
2022-08-11,Open,58.200001
2022-08-11,Close,58.480000
2022-08-12,Open,58.500000
2022-08-12,Close,58.119999
2022-08-16,Open,58.099998
2022-08-16,Close,57.669998
2022-08-17,Open,57.799999
2022-08-17,Close,57.360001
2022-08-18,Open,57.110001
2022-08-18,Close,56.910000
2022-08-19,Open,56.500000
2022-08-19,Close,55.669998
2022-08-22,Open,55.400002
2022-08-22,Close,54.910000
2022-08-23,Open,54.990002
2022-08-23,Close,55.119999
2022-08-24,Open,55.450001
2022-08-24,Close,55.299999
2022-08-25,Open,55.500000
2022-08-25,Close,55.830002
2022-08-26,Open,55.750000
2022-08-26,Close,55.560001
2022-08-29,Open,55.560001
2022-08-29,Close,54.369999
2022-08-30,Open,59.799999
2022-08-30,Close,54.360001
2022-09-01,Open,54.000000
2022-09-01,Close,52.270000
2022-09-02,Open,52.599998
2022-09-02,Close,52.740002
2022-09-05,Open,53.000000
2022-09-05,Close,53.419998
2022-09-06,Open,53.790001
2022-09-06,Close,53.660000
2022-09-07,Open,53.259998
2022-09-07,Close,53.259998
2022-09-08,Open,53.590000
2022-09-08,Close,54.000000
2022-09-09,Open,54.500000
2022-09-09,Close,54.549999
2022-09-12,Open,54.689999
2022-09-12,Close,55.529999
2022-09-13,Open,55.669998
2022-09-13,Close,56.740002
2022-09-14,Open,55.889999
2022-09-14,Close,56.189999
2022-09-15,Open,56.400002
2022-09-15,Close,56.220001
2022-09-16,Open,55.740002
2022-09-16,Close,54.980000
2022-09-19,Open,55.500000
2022-09-19,Close,55.910000
2022-09-20,Open,56.200001
2022-09-20,Close,55.980000
2022-09-21,Open,55.990002
2022-09-21,Close,56.389999
2022-09-22,Open,56.389999
2022-09-22,Close,57.139999
2022-09-23,Open,57.349998
2022-09-23,Close,56.540001
2022-09-26,Open,53.000000
2022-09-26,Close,55.259998
2022-09-27,Open,54.939999
2022-09-27,Close,55.040001
2022-09-28,Open,54.900002
2022-09-28,Close,54.020000
2022-09-29,Open,54.500000
2022-09-29,Close,55.430000
2022-09-30,Open,55.700001
2022-09-30,Close,56.119999
2022-10-03,Open,56.299999
2022-10-03,Close,56.880001
2022-10-04,Open,58.910000
2022-10-04,Close,60.220001
2022-10-06,Open,59.509998
2022-10-06,Close,59.830002
2022-10-07,Open,60.410000
2022-10-07,Close,60.490002
2022-10-10,Open,61.000000
2022-10-10,Close,58.250000
2022-10-11,Open,57.980000
2022-10-11,Close,57.220001
2022-10-12,Open,56.939999
2022-10-12,Close,57.150002
2022-10-13,Open,56.900002
2022-10-13,Close,56.880001
2022-10-14,Open,56.580002
2022-10-14,Close,55.820000
2022-10-17,Open,56.000000
2022-10-17,Close,55.520000
2022-10-18,Open,55.980000
2022-10-18,Close,55.860001
2022-10-19,Open,56.000000
2022-10-19,Close,55.709999
2022-10-20,Open,55.250000
2022-10-20,Close,55.810001
2022-10-21,Open,55.980000
2022-10-21,Close,55.349998
2022-10-24,Open,57.009998
2022-10-24,Close,56.930000
2022-10-25,Open,56.950001
2022-10-25,Close,56.520000
2022-10-27,Open,59.990002
2022-10-27,Close,57.369999
2022-10-28,Open,57.759998
2022-10-28,Close,57.209999
2022-10-31,Open,57.250000
2022-10-31,Close,57.110001
2022-11-01,Open,57.689999
2022-11-01,Close,58.419998
2022-11-02,Open,58.310001
2022-11-02,Close,58.369999
2022-11-03,Open,58.369999
2022-11-03,Close,56.980000
2022-11-04,Open,57.490002
2022-11-04,Close,58.320000
2022-11-07,Open,59.619999
2022-11-07,Close,59.970001
2022-11-09,Open,60.900002
2022-11-09,Close,60.730000
2022-11-10,Open,60.730000
2022-11-10,Close,60.560001
2022-11-11,Open,62.209999
2022-11-11,Close,61.580002
2022-11-14,Open,61.450001
2022-11-14,Close,61.150002
2022-11-15,Open,61.500000
2022-11-15,Close,61.779999
2022-11-16,Open,61.500000
2022-11-16,Close,61.560001
2022-11-17,Open,60.830002
2022-11-17,Close,60.580002
2022-11-18,Open,60.840000
2022-11-18,Close,60.820000
2022-11-21,Open,61.820000
2022-11-21,Close,59.930000
2022-11-22,Open,60.400002
2022-11-22,Close,60.810001
2022-11-23,Open,60.790001
2022-11-23,Close,60.770000
2022-11-24,Open,61.000000
2022-11-24,Close,61.459999
2022-11-25,Open,61.790001
2022-11-25,Close,61.090000
2022-11-28,Open,60.099998
2022-11-28,Close,61.439999
2022-11-29,Open,61.419998
2022-11-29,Close,61.209999
2022-11-30,Open,61.380001
2022-11-30,Close,61.320000
2022-12-01,Open,62.000000
2022-12-01,Close,62.529999
2022-12-02,Open,62.889999
2022-12-02,Close,63.759998
2022-12-05,Open,64.000000
2022-12-05,Close,65.110001
2022-12-06,Open,64.389999
2022-12-06,Close,64.120003
2022-12-07,Open,64.000000
2022-12-07,Close,63.830002
2022-12-08,Open,64.980003
2022-12-08,Close,64.559998
2022-12-09,Open,65.709999
2022-12-09,Close,65.279999
2022-12-12,Open,65.000000
2022-12-12,Close,66.110001
2022-12-13,Open,66.239998
2022-12-13,Close,66.089996
2022-12-14,Open,66.510002
2022-12-14,Close,66.680000
2022-12-15,Open,66.489998
2022-12-15,Close,65.570000
2022-12-16,Open,65.680000
2022-12-16,Close,64.910004
2022-12-19,Open,65.610001
2022-12-19,Close,66.120003
2022-12-20,Open,65.900002
2022-12-20,Close,67.010002
2022-12-21,Open,67.449997
2022-12-21,Close,67.389999
2022-12-22,Open,67.510002
2022-12-22,Close,66.919998
2022-12-23,Open,66.690002
2022-12-23,Close,66.760002
2022-12-26,Open,66.849998
2022-12-26,Close,66.720001
2022-12-27,Open,67.239998
2022-12-27,Close,67.970001
2022-12-28,Open,67.790001
2022-12-28,Close,66.959999
2022-12-29,Open,66.889999
2022-12-29,Close,66.959999
2022-12-30,Open,67.680000
2022-12-30,Close,67.230003
2023-01-02,Open,67.779999
2023-01-02,Close,67.669998
2023-01-03,Open,67.980003
2023-01-03,Close,68.669998
2023-01-04,Open,68.290001
2023-01-04,Close,68.730003
2023-01-05,Open,67.889999
2023-01-05,Close,66.919998
2023-01-06,Open,67.000000
2023-01-06,Close,66.879997
2023-01-09,Open,67.510002
2023-01-09,Close,67.949997
2023-01-10,Open,68.000000
2023-01-10,Close,67.080002
2023-01-11,Open,67.080002
2023-01-11,Close,67.540001
2023-01-12,Open,67.500000
2023-01-12,Close,67.150002
2023-01-13,Open,67.209999
2023-01-13,Close,67.180000
2023-01-16,Open,68.010002
2023-01-16,Close,68.260002
2023-01-17,Open,68.449997
2023-01-17,Close,68.050003
2023-01-18,Open,68.010002
2023-01-18,Close,68.199997
2023-01-19,Open,68.070000
2023-01-19,Close,66.739998
2023-01-20,Open,67.410004
2023-01-20,Close,67.589996
2023-01-23,Open,67.870003
2023-01-23,Close,67.519997
2023-01-24,Open,67.699997
2023-01-24,Close,67.309998
2023-01-25,Open,67.300003
2023-01-25,Close,67.250000
2023-01-27,Open,67.860001
2023-01-27,Close,67.470001
2023-01-30,Open,67.459999
2023-01-30,Close,67.449997
2023-01-31,Open,67.570000
2023-01-31,Close,66.980003
2023-02-01,Open,67.750000
2023-02-01,Close,68.709999
2023-02-02,Open,69.519997
2023-02-02,Close,70.599998
2023-02-03,Open,69.480003
2023-02-03,Close,68.879997
2023-02-06,Open,67.500000
2023-02-06,Close,66.919998
2023-02-07,Open,66.699997
2023-02-07,Close,66.809998
2023-02-08,Open,66.790001
2023-02-08,Close,66.839996
2023-02-09,Open,66.839996
2023-02-09,Close,66.739998
2023-02-10,Open,66.190002
2023-02-10,Close,66.040001
2023-02-13,Open,66.000000
2023-02-13,Close,65.620003
2023-02-14,Open,65.790001
2023-02-14,Close,65.559998
2023-02-15,Open,65.470001
2023-02-15,Close,64.800003
2023-02-16,Open,66.300003
2023-02-16,Close,64.980003
2023-02-17,Open,65.040001
2023-02-17,Close,64.110001
2023-02-20,Open,64.500000
2023-02-20,Close,65.330002
2023-02-21,Open,67.300003
2023-02-21,Close,65.120003
2023-02-22,Open,65.430000
2023-02-22,Close,65.220001
2023-02-23,Open,64.889999
2023-02-23,Close,64.529999
2023-02-24,Open,64.709999
2023-02-24,Close,63.900002
2023-02-27,Open,63.959999
2023-02-27,Close,62.910000
2023-02-28,Open,62.910000
2023-02-28,Close,62.480000
2023-03-01,Open,63.419998
2023-03-01,Close,63.759998
2023-03-02,Open,63.590000
2023-03-02,Close,63.209999
2023-03-03,Open,63.779999
2023-03-03,Close,63.540001
2023-03-06,Open,63.900002
2023-03-06,Close,63.720001
2023-03-08,Open,62.500000
2023-03-08,Close,61.299999
2023-03-09,Open,61.490002
2023-03-09,Close,60.939999
2023-03-10,Open,60.980000
2023-03-10,Close,61.259998
2023-03-13,Open,61.980000
2023-03-13,Close,63.099998
2023-03-14,Open,64.660004
2023-03-14,Close,64.910004
2023-03-15,Open,65.309998
2023-03-15,Close,65.400002
2023-03-16,Open,65.519997
2023-03-16,Close,66.239998
2023-03-17,Open,66.110001
2023-03-17,Close,65.889999
2023-03-20,Open,66.820000
2023-03-20,Close,67.589996
2023-03-21,Open,67.599998
2023-03-21,Close,67.360001
2023-03-22,Open,67.269997
2023-03-22,Close,67.430000
2023-03-23,Open,68.019997
2023-03-23,Close,68.260002
2023-03-24,Open,68.559998
2023-03-24,Close,68.980003
2023-03-27,Open,68.889999
2023-03-27,Close,68.419998
2023-03-28,Open,68.580002
2023-03-28,Close,68.309998
2023-03-29,Open,68.699997
2023-03-29,Close,69.199997
2023-03-31,Open,70.110001
2023-03-31,Close,70.669998
2023-04-03,Open,69.010002
2023-04-03,Close,70.389999
2023-04-05,Open,72.599998
2023-04-05,Close,72.949997
2023-04-06,Open,72.900002
2023-04-06,Close,73.220001
2023-04-10,Open,72.980003
2023-04-10,Close,73.239998
2023-04-11,Open,73.199997
2023-04-11,Close,73.570000
2023-04-12,Open,74.199997
2023-04-12,Close,73.849998
2023-04-13,Open,74.470001
2023-04-13,Close,74.860001
2023-04-17,Open,74.860001
2023-04-17,Close,74.620003
2023-04-18,Open,73.980003
2023-04-18,Close,73.680000
2023-04-19,Open,73.919998
2023-04-19,Close,73.000000
2023-04-20,Open,73.809998
2023-04-20,Close,74.570000
2023-04-21,Open,74.580002
2023-04-21,Close,73.940002
2023-04-24,Open,73.570000
2023-04-24,Close,73.669998
2023-04-25,Open,74.040001
2023-04-25,Close,73.730003
2023-04-26,Open,73.690002
2023-04-26,Close,73.510002
2023-04-27,Open,73.099998
2023-04-27,Close,73.449997
2023-04-28,Open,73.279999
2023-04-28,Close,73.080002
2023-05-02,Open,73.080002
2023-05-02,Close,72.989998
2023-05-03,Open,74.110001
2023-05-03,Close,74.410004
2023-05-04,Open,75.050003
2023-05-04,Close,75.150002
2023-05-05,Open,75.860001
2023-05-05,Close,75.930000
2023-05-08,Open,75.389999
2023-05-08,Close,75.250000
2023-05-09,Open,75.550003
2023-05-09,Close,75.230003
2023-05-10,Open,75.739998
2023-05-10,Close,75.419998
2023-05-11,Open,75.419998
2023-05-11,Close,73.889999
2023-05-12,Open,71.900002
2023-05-12,Close,71.089996
2023-05-15,Open,71.889999
2023-05-15,Close,71.830002
2023-05-16,Open,71.879997
2023-05-16,Close,71.250000
2023-05-17,Open,71.190002
2023-05-17,Close,70.949997
2023-05-18,Open,70.989998
2023-05-18,Close,70.669998
2023-05-19,Open,71.300003
2023-05-19,Close,71.209999
2023-05-22,Open,71.690002
2023-05-22,Close,71.680000
2023-05-23,Open,71.400002
2023-05-23,Close,69.919998
2023-05-24,Open,70.400002
2023-05-24,Close,70.419998
2023-05-25,Open,69.650002
2023-05-25,Close,69.720001
2023-05-26,Open,69.620003
2023-05-26,Close,69.750000
2023-05-29,Open,70.989998
2023-05-29,Close,70.199997
2023-05-30,Open,70.209999
2023-05-30,Close,69.959999
2023-05-31,Open,71.000000
2023-05-31,Close,70.180000
2023-06-01,Open,70.489998
2023-06-01,Close,70.300003
2023-06-02,Open,71.309998
2023-06-02,Close,71.480003
2023-06-05,Open,71.120003
2023-06-05,Close,70.629997
2023-06-06,Open,70.889999
2023-06-06,Close,70.730003
2023-06-07,Open,72.849998
2023-06-07,Close,70.709999
2023-06-08,Open,70.889999
2023-06-08,Close,71.059998
2023-06-09,Open,72.110001
2023-06-09,Close,72.660004
2023-06-12,Open,73.000000
2023-06-12,Close,72.349998
2023-06-13,Open,72.269997
2023-06-13,Close,72.269997
2023-06-14,Open,71.699997
2023-06-14,Close,71.480003
2023-06-15,Open,71.139999
2023-06-15,Close,70.120003
2023-06-16,Open,71.129997
2023-06-16,Close,71.489998
2023-06-19,Open,71.790001
2023-06-19,Close,71.739998
2023-06-20,Open,71.750000
2023-06-20,Close,71.449997
2023-06-21,Open,71.500000
2023-06-21,Close,69.360001
2023-06-22,Open,68.300003
2023-06-22,Close,68.089996
2023-06-23,Open,66.989998
2023-06-23,Close,67.410004
2023-06-26,Open,68.000000
2023-06-26,Close,68.480003
2023-06-27,Open,69.879997
2023-06-27,Close,68.800003
2023-06-28,Open,68.800003
2023-06-28,Close,68.379997
2023-06-30,Open,68.540001
2023-06-30,Close,67.570000
2023-07-03,Open,68.250000
2023-07-03,Close,68.500000
2023-07-04,Open,68.760002
2023-07-04,Close,69.019997
2023-07-05,Open,68.940002
2023-07-05,Close,68.919998
2023-07-06,Open,69.510002
2023-07-06,Close,69.739998
2023-07-07,Open,68.980003
2023-07-07,Close,68.940002
2023-07-10,Open,72.389999
2023-07-10,Close,69.650002
2023-07-11,Open,73.129997
2023-07-11,Close,70.000000
2023-07-12,Open,70.089996
2023-07-12,Close,69.889999
2023-07-13,Open,71.830002
2023-07-13,Close,72.150002
2023-07-14,Open,73.500000
2023-07-14,Close,73.610001
2023-07-17,Open,73.529999
2023-07-17,Close,73.809998
2023-07-18,Open,73.879997
2023-07-18,Close,74.050003
2023-07-19,Open,74.050003
2023-07-19,Close,74.419998
2023-07-20,Open,74.680000
2023-07-20,Close,74.760002
2023-07-21,Open,74.150002
2023-07-21,Close,73.449997
2023-07-24,Open,73.650002
2023-07-24,Close,73.230003
2023-07-25,Open,73.279999
2023-07-25,Close,73.169998
2023-07-26,Open,73.410004
2023-07-26,Close,73.580002
2023-07-27,Open,74.220001
2023-07-27,Close,74.150002
2023-07-28,Open,72.800003
2023-07-28,Close,72.400002
2023-07-31,Open,73.739998
2023-07-31,Close,72.680000
2023-08-01,Open,73.510002
2023-08-01,Close,73.370003
2023-08-02,Open,73.099998
2023-08-02,Close,72.970001
2023-08-03,Open,72.970001
2023-08-03,Close,71.139999
2023-08-04,Open,71.230003
2023-08-04,Close,71.139999
2023-08-07,Open,71.150002
2023-08-07,Close,71.040001
2023-08-08,Open,70.489998
2023-08-08,Close,70.320000
2023-08-09,Open,71.129997
2023-08-09,Close,69.410004
2023-08-10,Open,69.610001
2023-08-10,Close,69.480003
2023-08-11,Open,72.180000
2023-08-11,Close,69.250000
2023-08-14,Open,69.199997
2023-08-14,Close,69.320000
2023-08-16,Open,69.330002
2023-08-16,Close,69.680000
2023-08-17,Open,69.690002
2023-08-17,Close,69.169998
2023-08-18,Open,69.599998
2023-08-18,Close,69.629997
2023-08-21,Open,69.699997
2023-08-21,Close,69.730003
2023-08-22,Open,70.610001
2023-08-22,Close,70.949997
2023-08-23,Open,71.180000
2023-08-23,Close,71.620003
2023-08-24,Open,72.000000
2023-08-24,Close,72.540001
2023-08-25,Open,71.989998
2023-08-25,Close,72.550003
2023-08-28,Open,72.559998
2023-08-28,Close,72.480003
2023-08-29,Open,72.709999
2023-08-29,Close,72.690002
2023-08-30,Open,73.349998
2023-08-30,Close,73.480003
2023-08-31,Open,73.500000
2023-08-31,Close,73.290001
2023-09-01,Open,73.300003
2023-09-01,Close,73.550003
2023-09-04,Open,73.599998
2023-09-04,Close,72.430000
2023-09-05,Open,72.199997
2023-09-05,Close,71.230003
2023-09-06,Open,71.480003
2023-09-06,Close,71.120003
2023-09-07,Open,70.400002
2023-09-07,Close,70.400002
2023-09-08,Open,70.410004
2023-09-08,Close,70.169998
2023-09-11,Open,70.360001
2023-09-11,Close,70.610001
2023-09-12,Open,70.610001
2023-09-12,Close,70.290001
2023-09-13,Open,70.290001
2023-09-13,Close,70.050003
2023-09-14,Open,70.059998
2023-09-14,Close,69.260002
2023-09-15,Open,70.019997
2023-09-15,Close,70.730003
2023-09-18,Open,71.360001
2023-09-18,Close,71.080002
2023-09-20,Open,71.000000
2023-09-20,Close,71.080002
2023-09-21,Open,71.089996
2023-09-21,Close,70.930000
2023-09-22,Open,71.330002
2023-09-22,Close,71.830002
2023-09-25,Open,71.889999
2023-09-25,Close,71.709999
2023-09-26,Open,70.550003
2023-09-26,Close,70.529999
2023-09-27,Open,70.000000
2023-09-27,Close,69.970001
2023-09-28,Open,69.500000
2023-09-28,Close,69.550003
2023-09-29,Open,70.239998
2023-09-29,Close,70.559998
2023-10-03,Open,67.480003
2023-10-03,Close,67.730003
2023-10-04,Open,69.500000
2023-10-04,Close,67.059998
2023-10-05,Open,67.000000
2023-10-05,Close,67.389999
2023-10-06,Open,67.290001
2023-10-06,Close,68.250000
2023-10-09,Open,68.500000
2023-10-09,Close,69.309998
2023-10-10,Open,69.309998
2023-10-10,Close,69.449997
2023-10-11,Open,70.099998
2023-10-11,Close,69.519997
2023-10-12,Open,69.790001
2023-10-12,Close,68.900002
2023-10-13,Open,68.680000
2023-10-13,Close,68.690002
2023-10-16,Open,70.389999
2023-10-16,Close,69.720001
2023-10-17,Open,69.790001
2023-10-17,Close,69.800003
2023-10-18,Open,70.309998
2023-10-18,Close,70.849998
2023-10-19,Open,70.489998
2023-10-19,Close,70.279999
2023-10-20,Open,70.500000
2023-10-20,Close,70.760002
2023-10-23,Open,70.760002
2023-10-23,Close,70.919998
2023-10-25,Open,70.480003
2023-10-25,Close,70.010002
2023-10-26,Open,70.300003
2023-10-26,Close,70.589996
2023-10-27,Open,70.449997
2023-10-27,Close,70.169998
2023-10-30,Open,70.610001
2023-10-30,Close,70.849998
2023-10-31,Open,70.900002
2023-10-31,Close,71.040001
2023-11-01,Open,69.989998
2023-11-01,Close,69.709999
2023-11-02,Open,70.389999
2023-11-02,Close,70.680000
2023-11-03,Open,70.180000
2023-11-03,Close,69.820000
2023-11-06,Open,70.790001
2023-11-06,Close,70.769997
2023-11-07,Open,70.389999
2023-11-07,Close,70.040001
2023-11-08,Open,70.040001
2023-11-08,Close,69.370003
2023-11-09,Open,69.290001
2023-11-09,Close,69.220001
2023-11-10,Open,69.709999
2023-11-10,Close,69.690002
2023-11-13,Open,68.779999
2023-11-13,Close,68.629997
2023-11-15,Open,68.300003
2023-11-15,Close,70.860001
2023-11-16,Open,70.980003
2023-11-16,Close,71.419998
2023-11-17,Open,69.300003
2023-11-17,Close,72.269997
2023-11-20,Open,72.260002
2023-11-20,Close,71.580002
2023-11-21,Open,71.989998
2023-11-21,Close,71.580002
2023-11-22,Open,71.589996
2023-11-22,Close,72.180000
2023-11-23,Open,75.790001
2023-11-23,Close,71.900002
2023-11-24,Open,71.900002
2023-11-24,Close,71.870003
2023-11-28,Open,72.900002
2023-11-28,Close,73.410004
2023-11-29,Open,73.739998
2023-11-29,Close,74.080002
2023-11-30,Open,74.139999
2023-11-30,Close,74.610001
2023-12-01,Open,74.889999
2023-12-01,Close,75.209999
2023-12-04,Open,75.220001
2023-12-04,Close,75.150002
2023-12-05,Open,74.260002
2023-12-05,Close,73.639999
2023-12-06,Open,73.820000
2023-12-06,Close,73.040001
2023-12-07,Open,72.599998
2023-12-07,Close,72.820000
2023-12-08,Open,72.769997
2023-12-08,Close,72.440002
2023-12-11,Open,71.389999
2023-12-11,Close,70.349998
2023-12-12,Open,70.510002
2023-12-12,Close,70.260002
2023-12-13,Open,70.110001
2023-12-13,Close,69.690002
2023-12-14,Open,71.510002
2023-12-14,Close,72.570000
2023-12-15,Open,72.629997
2023-12-15,Close,72.820000
2023-12-18,Open,72.790001
2023-12-18,Close,72.510002
2023-12-19,Open,72.480003
2023-12-19,Close,72.379997
2023-12-20,Open,73.599998
2023-12-20,Close,72.660004
2023-12-21,Open,73.000000
2023-12-21,Close,73.139999
2023-12-22,Open,73.370003
2023-12-22,Close,73.480003
2023-12-26,Open,73.480003
2023-12-26,Close,73.309998
2023-12-27,Open,73.290001
2023-12-27,Close,73.059998
2023-12-28,Open,73.360001
2023-12-28,Close,73.389999
2023-12-29,Open,73.300003
2023-12-29,Close,72.180000
2024-01-01,Open,72.800003
2024-01-01,Close,72.480003
2024-01-02,Open,72.500000
2024-01-02,Close,73.010002
2024-01-03,Open,72.400002
2024-01-03,Close,71.589996
2024-01-04,Open,70.900002
2024-01-04,Close,70.690002
2024-01-05,Open,70.989998
2024-01-05,Close,70.529999
2024-01-08,Open,70.989998
2024-01-08,Close,70.419998
2024-01-09,Open,70.879997
2024-01-09,Close,70.870003
2024-01-10,Open,70.870003
2024-01-10,Close,70.489998
2024-01-11,Open,70.500000
2024-01-11,Close,70.430000
2024-01-12,Open,70.430000
2024-01-12,Close,70.250000
2024-01-15,Open,70.250000
2024-01-15,Close,70.250000
2024-01-16,Open,71.000000
2024-01-16,Close,70.699997
2024-01-17,Open,70.709999
2024-01-17,Close,70.070000
2024-01-18,Open,70.070000
2024-01-18,Close,69.849998
2024-01-19,Open,70.029999
2024-01-19,Close,70.160004
2024-01-23,Open,70.099998
2024-01-23,Close,69.430000
2024-01-24,Open,69.660004
2024-01-24,Close,70.129997
2024-01-25,Open,70.040001
2024-01-25,Close,70.120003
2024-01-29,Open,70.389999
2024-01-29,Close,70.430000
2024-01-30,Open,70.900002
2024-01-30,Close,70.779999
2024-01-31,Open,70.779999
2024-01-31,Close,70.589996
2024-02-01,Open,70.599998
2024-02-01,Close,69.980003
2024-02-02,Open,70.680000
2024-02-02,Close,70.790001
2024-02-05,Open,70.790001
2024-02-05,Close,69.220001
2024-02-06,Open,69.099998
2024-02-06,Close,69.000000
2024-02-07,Open,69.580002
2024-02-07,Close,68.849998
2024-02-08,Open,68.889999
2024-02-08,Close,68.900002
2024-02-09,Open,69.320000
2024-02-09,Close,69.540001
2024-02-12,Open,69.550003
2024-02-12,Close,69.870003
2024-02-13,Open,69.779999
2024-02-13,Close,70.019997
2024-02-14,Open,68.400002
2024-02-14,Close,67.919998
2024-02-15,Open,68.720001
2024-02-15,Close,69.129997
2024-02-16,Open,69.900002
2024-02-16,Close,69.910004
2024-02-19,Open,70.110001
2024-02-19,Close,70.010002
2024-02-20,Open,69.790001
2024-02-20,Close,69.800003
2024-02-21,Open,70.089996
2024-02-21,Close,69.669998
2024-02-22,Open,69.389999
2024-02-22,Close,69.660004
2024-02-23,Open,69.129997
2024-02-23,Close,68.769997
2024-02-26,Open,69.470001
2024-02-26,Close,68.860001
2024-02-27,Open,68.900002
2024-02-27,Close,68.680000
2024-02-28,Open,67.019997
2024-02-28,Close,68.010002
2024-02-29,Open,68.389999
2024-02-29,Close,68.290001
2024-03-01,Open,68.739998
2024-03-01,Close,68.839996
2024-03-04,Open,69.980003
2024-03-04,Close,69.650002
2024-03-05,Open,70.160004
2024-03-05,Close,71.059998
2024-03-06,Open,71.040001
2024-03-06,Close,70.660004
2024-03-07,Open,71.000000
2024-03-07,Close,71.269997
2024-03-11,Open,72.330002
2024-03-11,Close,71.769997
2024-03-12,Open,71.769997
2024-03-12,Close,71.949997
2024-03-13,Open,71.589996
2024-03-13,Close,71.260002
2024-03-14,Open,72.059998
2024-03-14,Close,72.550003
2024-03-15,Open,72.559998
2024-03-15,Close,72.730003
2024-03-18,Open,72.599998
2024-03-18,Close,72.660004
2024-03-19,Open,72.889999
2024-03-19,Close,72.430000
2024-03-20,Open,72.720001
2024-03-20,Close,72.489998
2024-03-21,Open,73.260002
2024-03-21,Close,73.779999
2024-03-22,Open,72.680000
2024-03-22,Close,72.470001
2024-03-26,Open,72.550003
2024-03-26,Close,72.830002
2024-03-27,Open,72.500000
2024-03-27,Close,72.339996
2024-03-28,Open,72.419998
2024-03-28,Close,72.419998
2024-04-01,Open,73.550003
2024-04-01,Close,74.029999
2024-04-02,Open,74.400002
2024-04-02,Close,75.040001
2024-04-03,Open,76.059998
2024-04-03,Close,76.169998
2024-04-04,Open,77.110001
2024-04-04,Close,78.029999
2024-04-05,Open,77.800003
2024-04-05,Close,77.870003
2024-04-08,Open,79.300003
2024-04-08,Close,80.529999
2024-04-09,Open,80.980003
2024-04-09,Close,81.010002
2024-04-10,Open,81.470001
2024-04-10,Close,80.919998
2024-04-12,Open,82.500000
2024-04-12,Close,82.860001
2024-04-15,Open,81.980003
2024-04-15,Close,81.459999
2024-04-16,Open,82.019997
2024-04-16,Close,81.830002
2024-04-18,Open,81.830002
2024-04-18,Close,81.790001
2024-04-19,Open,81.970001
2024-04-19,Close,81.550003
2024-04-22,Open,80.830002
2024-04-22,Close,80.279999
2024-04-23,Open,78.570000
2024-04-23,Close,78.570000
2024-04-24,Open,79.599998
2024-04-24,Close,79.110001
2024-04-25,Open,78.610001
2024-04-25,Close,79.339996
2024-04-26,Open,79.690002
2024-04-26,Close,79.779999
2024-04-29,Open,79.449997
2024-04-29,Close,79.430000
2024-04-30,Open,78.989998
2024-04-30,Close,78.559998
2024-05-02,Open,78.559998
2024-05-02,Close,78.430000
2024-05-03,Open,78.610001
2024-05-03,Close,78.660004
2024-05-06,Open,79.599998
2024-05-06,Close,79.779999
2024-05-07,Open,80.050003
2024-05-07,Close,80.059998
2024-05-08,Open,80.120003
2024-05-08,Close,79.779999
2024-05-09,Open,80.500000
2024-05-09,Close,80.550003
2024-05-10,Open,81.900002
2024-05-10,Close,83.010002
2024-05-13,Open,82.500000
2024-05-13,Close,81.970001
2024-05-14,Open,82.360001
2024-05-14,Close,82.570000
2024-05-15,Open,82.599998
2024-05-15,Close,83.089996
2024-05-16,Open,84.199997
2024-05-16,Close,84.339996
2024-05-17,Open,84.489998
2024-05-17,Close,84.800003
2024-05-21,Open,90.320000
2024-05-21,Close,91.029999
2024-05-22,Open,91.050003
2024-05-22,Close,90.809998
2024-05-23,Open,88.940002
2024-05-23,Close,88.059998
2024-05-24,Open,87.639999
2024-05-24,Close,88.010002
2024-05-27,Open,88.419998
2024-05-27,Close,88.970001
2024-05-28,Open,91.120003
2024-05-28,Close,91.199997
2024-05-29,Open,92.330002
2024-05-29,Close,92.459999
2024-05-30,Open,91.699997
2024-05-30,Close,90.849998
2024-05-31,Open,90.000000
2024-05-31,Close,90.599998
2024-06-03,Open,88.440002
2024-06-03,Close,88.120003
2024-06-04,Open,89.000000
2024-06-04,Close,87.309998
2024-06-05,Open,87.000000
2024-06-05,Close,86.769997
2024-06-06,Open,89.349998
2024-06-06,Close,88.839996
2024-06-07,Open,90.330002
2024-06-07,Close,89.379997
2024-06-10,Open,87.199997
2024-06-10,Close,87.339996
2024-06-11,Open,86.400002
2024-06-11,Close,86.209999
2024-06-12,Open,87.129997
2024-06-12,Close,86.820000
2024-06-13,Open,86.489998
2024-06-13,Close,86.580002
2024-06-14,Open,86.239998
2024-06-14,Close,86.110001
2024-06-18,Open,87.480003
2024-06-18,Close,86.260002
2024-06-19,Open,87.480003
2024-06-19,Close,86.919998
2024-06-20,Open,87.809998
2024-06-20,Close,88.500000
2024-06-21,Open,89.010002
2024-06-21,Close,88.699997
2024-06-24,Open,87.290001
2024-06-24,Close,86.989998
2024-06-25,Open,86.739998
2024-06-25,Close,86.809998
2024-06-26,Open,85.589996
2024-06-26,Close,85.269997
2024-06-27,Open,86.000000
2024-06-27,Close,85.059998
2024-06-28,Open,85.889999
2024-06-28,Close,85.900002
2024-07-01,Open,87.000000
2024-07-01,Close,85.580002
2024-07-02,Open,85.660004
2024-07-02,Close,85.949997
2024-07-03,Open,86.900002
2024-07-03,Close,87.440002
2024-07-04,Open,88.470001
2024-07-04,Close,87.889999
2024-07-05,Open,88.690002
2024-07-05,Close,88.680000
2024-07-08,Open,100.000000
2024-07-08,Close,89.440002
2024-07-09,Open,89.489998
2024-07-09,Close,89.860001
2024-07-10,Open,89.550003
2024-07-10,Close,89.699997
2024-07-11,Open,90.199997
2024-07-11,Close,90.029999
2024-07-12,Open,90.169998
2024-07-12,Close,89.610001
2024-07-15,Open,89.919998
2024-07-15,Close,89.400002
2024-07-16,Open,89.779999
2024-07-16,Close,89.779999
2024-07-18,Open,89.239998
2024-07-18,Close,89.430000
2024-07-19,Open,88.190002
2024-07-19,Close,86.910004
2024-07-22,Open,86.989998
2024-07-22,Close,86.300003
2024-07-23,Open,86.900002
2024-07-23,Close,83.510002
2024-07-24,Open,86.010002
2024-07-24,Close,82.910004
2024-07-25,Open,82.709999
2024-07-25,Close,79.870003
2024-07-26,Open,79.900002
2024-07-26,Close,79.800003
2024-07-29,Open,81.010002
2024-07-29,Close,80.360001
2024-07-30,Open,79.989998
2024-07-30,Close,80.000000
2024-07-31,Open,81.010002
2024-07-31,Close,81.839996
2024-08-01,Open,82.050003
2024-08-01,Close,82.339996
2024-08-02,Open,82.000000
2024-08-02,Close,82.040001
2024-08-05,Open,82.050003
2024-08-05,Close,78.940002
2024-08-06,Open,79.160004
2024-08-06,Close,77.290001
2024-08-07,Open,78.989998
2024-08-07,Close,78.570000
2024-08-08,Open,78.500000
2024-08-08,Close,77.349998
2024-08-09,Open,79.360001
2024-08-09,Close,78.699997
2024-08-12,Open,78.209999
2024-08-12,Close,79.839996
2024-08-13,Open,79.650002
2024-08-13,Close,79.309998
2024-08-14,Open,79.480003
2024-08-14,Close,79.620003
2024-08-16,Open,79.949997
2024-08-16,Close,80.010002
2024-08-19,Open,81.410004
2024-08-19,Close,82.000000
2024-08-20,Open,82.330002
2024-08-20,Close,83.370003
2024-08-21,Open,82.989998
2024-08-21,Close,82.949997
2024-08-22,Open,83.089996
2024-08-22,Close,82.900002
2024-08-23,Open,82.250000
2024-08-23,Close,82.480003
2024-08-26,Open,82.800003
2024-08-26,Close,84.129997
2024-08-27,Open,83.989998
2024-08-27,Close,83.989998
2024-08-28,Open,84.180000
2024-08-28,Close,83.290001
2024-08-29,Open,83.309998
2024-08-29,Close,83.279999
2024-08-30,Open,83.279999
2024-08-30,Close,83.070000
2024-09-02,Open,80.879997
2024-09-02,Close,80.889999
2024-09-03,Open,80.839996
2024-09-03,Close,80.519997
2024-09-04,Open,79.879997
2024-09-04,Close,79.389999
2024-09-05,Open,79.809998
2024-09-05,Close,81.080002
2024-09-06,Open,81.279999
2024-09-06,Close,81.320000
2024-09-09,Open,80.199997
2024-09-09,Close,79.769997
2024-09-10,Open,79.989998
2024-09-10,Close,80.339996
2024-09-11,Open,80.599998
2024-09-11,Close,81.290001
2024-09-12,Open,81.290001
2024-09-12,Close,81.230003
2024-09-13,Open,83.559998
2024-09-13,Close,84.120003
2024-09-16,Open,85.699997
2024-09-16,Close,86.239998
2024-09-17,Open,86.139999
2024-09-17,Close,85.379997
2024-09-18,Open,85.190002
2024-09-18,Close,84.959999
2024-09-19,Open,84.900002
2024-09-19,Close,86.610001
2024-09-20,Open,86.099998
2024-09-20,Close,86.480003
2024-09-23,Open,86.480003
2024-09-23,Close,85.349998
2024-09-24,Open,86.220001
2024-09-24,Close,86.129997
2024-09-25,Open,88.010002
2024-09-25,Close,88.110001
2024-09-26,Open,88.800003
2024-09-26,Close,88.989998
2024-09-27,Open,88.980003
2024-09-27,Close,88.339996
2024-09-30,Open,87.989998
2024-09-30,Close,88.040001
2024-10-01,Open,87.639999
2024-10-01,Close,87.669998
2024-10-03,Open,88.199997
2024-10-03,Close,88.449997
2024-10-04,Open,89.500000
2024-10-04,Close,89.860001
2024-10-07,Open,90.300003
2024-10-07,Close,89.430000
2024-10-08,Open,88.489998
2024-10-08,Close,87.660004
2024-10-09,Open,86.290001
2024-10-09,Close,86.330002
2024-10-10,Open,86.699997
2024-10-10,Close,86.250000
2024-10-11,Open,86.129997
2024-10-11,Close,87.709999
2024-10-14,Open,87.820000
2024-10-14,Close,88.389999
2024-10-15,Open,87.949997
2024-10-15,Close,87.629997
2024-10-16,Open,88.949997
2024-10-16,Close,89.260002
2024-10-17,Open,88.690002
2024-10-17,Close,88.589996
2024-10-18,Open,89.330002
2024-10-18,Close,89.809998
2024-10-21,Open,94.120003
2024-10-21,Close,94.639999
2024-10-22,Open,94.839996
2024-10-22,Close,94.879997
2024-10-23,Open,95.620003
2024-10-23,Close,96.110001
2024-10-24,Open,94.580002
2024-10-24,Close,95.120003
2024-10-25,Open,93.480003
2024-10-25,Close,92.650002
2024-10-28,Open,93.230003
2024-10-28,Close,93.629997
2024-10-29,Open,94.570000
2024-10-29,Close,95.339996
2024-10-30,Open,95.410004
2024-10-30,Close,95.669998
2024-10-31,Open,94.400002
2024-10-31,Close,94.269997
2024-11-01,Open,94.269997
2024-11-01,Close,94.269997
2024-11-04,Open,92.489998
2024-11-04,Close,92.250000
2024-11-05,Open,91.570000
2024-11-05,Close,91.709999
2024-11-06,Open,90.989998
2024-11-06,Close,90.709999
2024-11-07,Open,88.699997
2024-11-07,Close,87.989998
2024-11-08,Open,89.019997
2024-11-08,Close,89.129997
2024-11-11,Open,88.470001
2024-11-11,Close,88.480003
2024-11-12,Open,87.180000
2024-11-12,Close,85.860001
2024-11-13,Open,87.220001
2024-11-13,Close,87.610001
2024-11-14,Open,85.910004
2024-11-14,Close,84.660004
2024-11-18,Open,86.430000
2024-11-18,Close,86.919998
2024-11-19,Open,88.220001
2024-11-19,Close,88.820000
2024-11-21,Open,87.970001
2024-11-21,Close,88.099998
2024-11-22,Open,87.989998
2024-11-22,Close,88.440002
2024-11-25,Open,87.440002
2024-11-25,Close,86.870003
2024-11-26,Open,85.959999
2024-11-26,Close,86.010002
2024-11-27,Open,86.440002
2024-11-27,Close,86.589996
2024-11-28,Open,85.190002
2024-11-28,Close,85.150002
2024-11-29,Open,86.239998
2024-11-29,Close,86.919998
2024-12-02,Open,86.290001
2024-12-02,Close,86.040001
2024-12-03,Open,86.849998
2024-12-03,Close,87.629997
2024-12-04,Open,87.980003
2024-12-04,Close,87.540001
2024-12-05,Open,88.370003
2024-12-05,Close,88.550003
2024-12-06,Open,88.680000
2024-12-06,Close,88.489998
2024-12-09,Open,88.190002
2024-12-09,Close,88.709999
2024-12-10,Open,90.669998
2024-12-10,Close,90.110001
2024-12-11,Open,90.989998
2024-12-11,Close,90.050003
2024-12-12,Open,91.169998
2024-12-12,Close,91.269997
2024-12-13,Open,88.180000
2024-12-13,Close,87.250000
2024-12-16,Open,86.989998
2024-12-16,Close,87.269997
2024-12-17,Open,87.269997
2024-12-17,Close,86.379997
2024-12-18,Open,86.839996
2024-12-18,Close,86.730003
2024-12-19,Open,84.989998
2024-12-19,Close,84.680000
2024-12-20,Open,83.489998
2024-12-20,Close,82.949997
2024-12-23,Open,84.919998
2024-12-23,Close,85.489998
2024-12-24,Open,85.800003
2024-12-24,Close,85.300003
2024-12-26,Open,85.949997
2024-12-26,Close,85.430000
2024-12-27,Open,85.489998
2024-12-27,Close,85.709999
2024-12-30,Open,86.849998
2024-12-30,Close,84.949997
2024-12-31,Open,83.870003
2024-12-31,Close,83.730003
2025-01-01,Open,83.589996
2025-01-01,Close,83.849998
2025-01-02,Open,84.690002
2025-01-02,Close,84.839996
2025-01-03,Open,85.949997
2025-01-03,Close,85.860001
2025-01-06,Open,85.589996
2025-01-06,Close,85.930000
2025-01-07,Open,86.720001
2025-01-07,Close,87.070000
2025-01-08,Open,87.040001
2025-01-08,Close,87.199997
2025-01-09,Open,87.570000
2025-01-09,Close,87.269997
2025-01-10,Open,88.500000
2025-01-10,Close,87.540001
2025-01-13,Open,87.790001
2025-01-13,Close,87.290001
2025-01-14,Open,86.180000
2025-01-14,Close,86.269997
2025-01-15,Open,86.699997
2025-01-15,Close,87.320000
2025-01-16,Open,88.510002
2025-01-16,Close,88.949997
2025-01-17,Open,88.379997
2025-01-17,Close,87.650002
2025-01-20,Open,87.379997
2025-01-20,Close,87.730003
2025-01-21,Open,88.019997
2025-01-21,Close,87.809998
2025-01-22,Open,88.220001
2025-01-22,Close,88.610001
2025-01-23,Open,88.500000
2025-01-23,Close,87.849998
2025-01-24,Open,88.400002
2025-01-24,Close,88.669998
2025-01-27,Open,87.839996
2025-01-27,Close,87.589996
2025-01-28,Open,87.180000
2025-01-28,Close,87.099998
2025-01-29,Open,87.750000
2025-01-29,Close,88.010002
2025-01-30,Open,88.809998
2025-01-30,Close,89.500000
2025-01-31,Open,90.019997
2025-01-31,Close,90.669998
2025-02-01,Open,90.989998
2025-02-01,Close,90.110001
2025-02-03,Open,90.000000
2025-02-03,Close,90.529999
2025-02-04,Open,91.000000
2025-02-04,Close,91.089996
2025-02-05,Open,92.029999
2025-02-05,Close,93.029999
2025-02-06,Open,92.639999
2025-02-06,Close,91.839996
2025-02-07,Open,92.120003
2025-02-07,Close,92.730003
2025-02-10,Open,92.449997
2025-02-10,Close,92.949997
2025-02-11,Open,92.279999
2025-02-11,Close,91.370003
2025-02-12,Open,91.370003
2025-02-12,Close,91.290001
2025-02-13,Open,92.250000
2025-02-13,Close,92.750000
2025-02-14,Open,93.150002
2025-02-14,Close,94.709999
2025-02-17,Open,93.989998
2025-02-17,Close,92.860001
2025-02-18,Open,92.660004
2025-02-18,Close,93.209999
2025-02-19,Open,93.739998
2025-02-19,Close,94.559998
2025-02-20,Open,94.480003
2025-02-20,Close,94.559998
2025-02-21,Open,94.180000
2025-02-21,Close,94.059998
2025-02-24,Open,93.900002
2025-02-24,Close,93.209999
2025-02-25,Open,93.199997
2025-02-25,Close,92.910004
2025-02-27,Open,92.699997
2025-02-27,Close,91.970001
2025-02-28,Open,90.989998
2025-02-28,Close,90.459999
2025-03-03,Open,91.000000
2025-03-03,Close,91.410004
2025-03-04,Open,92.250000
2025-03-04,Close,92.529999
2025-03-05,Open,93.150002
2025-03-05,Close,93.290001
2025-03-06,Open,93.639999
2025-03-06,Close,93.519997
2025-03-07,Open,94.000000
2025-03-07,Close,94.089996
2025-03-10,Open,94.949997
2025-03-10,Close,94.099998
2025-03-11,Open,93.400002
2025-03-11,Close,93.650002
2025-03-12,Open,94.410004
2025-03-12,Close,94.970001
2025-03-13,Open,95.180000
2025-03-13,Close,95.209999
2025-03-17,Open,96.739998
2025-03-17,Close,96.480003
2025-03-18,Open,96.480003
2025-03-18,Close,96.480003
2025-03-19,Open,97.650002
2025-03-19,Close,96.410004
2025-03-20,Open,96.779999
2025-03-20,Close,95.839996
2025-03-21,Open,95.180000
2025-03-21,Close,94.180000
2025-03-24,Open,94.250000
2025-03-24,Close,94.180000
2025-03-25,Open,94.180000
2025-03-25,Close,94.570000
2025-03-26,Open,95.339996
2025-03-26,Close,95.739998
2025-03-27,Open,96.800003
2025-03-27,Close,95.900002
2025-03-28,Open,97.019997
2025-03-28,Close,97.599998
2025-04-01,Open,97.949997
2025-04-01,Close,96.720001
2025-04-02,Open,96.699997
2025-04-02,Close,96.849998
2025-04-03,Open,95.379997
2025-04-03,Close,93.290001
2025-04-04,Open,90.480003
2025-04-04,Close,89.720001
2025-04-07,Open,86.019997
2025-04-07,Close,87.029999
2025-04-08,Open,87.750000
2025-04-08,Close,87.440002
2025-04-09,Open,87.230003
2025-04-09,Close,87.970001
2025-04-11,Open,89.730003
2025-04-11,Close,90.370003
2025-04-15,Open,91.809998
2025-04-15,Close,92.220001
2025-04-16,Open,92.500000
2025-04-16,Close,93.800003
2025-04-17,Open,92.989998
2025-04-17,Close,92.160004
2025-04-21,Open,92.709999
2025-04-21,Close,93.000000
2025-04-22,Open,93.139999
2025-04-22,Close,92.349998
2025-04-23,Open,92.980003
2025-04-23,Close,93.540001
2025-04-24,Open,94.209999
2025-04-24,Close,94.650002
2025-04-25,Open,94.970001
2025-04-25,Close,94.650002
2025-04-28,Open,94.949997
2025-04-28,Close,93.160004
2025-04-29,Open,93.010002
2025-04-29,Close,94.669998
2025-04-30,Open,93.879997
2025-04-30,Close,91.620003
2025-05-02,Open,91.620003
2025-05-02,Close,91.519997
2025-05-05,Open,91.080002
2025-05-05,Close,91.410004
2025-05-06,Open,92.629997
2025-05-06,Close,93.019997
2025-05-07,Open,93.290001
2025-05-07,Close,92.779999
2025-05-08,Open,92.760002
2025-05-08,Close,92.589996
2025-05-09,Open,92.589996
2025-05-09,Close,93.029999
2025-05-12,Open,92.879997
2025-05-12,Close,91.440002
2025-05-13,Open,93.449997
2025-05-13,Close,93.910004
2025-05-14,Open,92.989998
2025-05-14,Close,93.330002
2025-05-15,Open,91.559998
2025-05-15,Close,91.500000
2025-05-16,Open,92.320000
2025-05-16,Close,92.269997
2025-05-19,Open,92.330002
2025-05-19,Close,92.809998
2025-05-20,Open,92.169998
2025-05-20,Close,92.510002
2025-05-21,Open,94.040001
2025-05-21,Close,94.260002
2025-05-22,Open,95.160004
2025-05-22,Close,94.449997
2025-05-23,Open,94.489998
2025-05-23,Close,94.019997
2025-05-26,Open,94.940002
2025-05-26,Close,94.550003
2025-05-27,Open,94.529999
2025-05-27,Close,94.050003
2025-05-28,Open,94.430000
2025-05-28,Close,94.889999
2025-05-29,Open,94.589996
2025-05-29,Close,94.629997
2025-05-30,Open,94.440002
2025-05-30,Close,94.349998
2025-06-02,Open,94.330002
2025-06-02,Close,94.620003
2025-06-03,Open,96.199997
2025-06-03,Close,97.160004
2025-06-04,Open,98.000000
2025-06-04,Close,98.099998
2025-06-05,Open,98.570000
2025-06-05,Close,100.720001
2025-06-06,Open,102.769997
2025-06-06,Close,102.410004
2025-06-09,Open,102.410004
2025-06-09,Close,102.989998
2025-06-10,Open,103.110001
2025-06-10,Close,103.870003
2025-06-11,Open,103.449997
2025-06-11,Close,102.779999
2025-06-12,Open,103.370003
2025-06-12,Close,102.059998
2025-06-13,Open,103.559998
2025-06-13,Close,103.709999
2025-06-16,Open,104.879997
2025-06-16,Close,103.570000
2025-06-17,Open,103.379997
2025-06-17,Close,104.190002
2025-06-18,Open,105.750000
2025-06-18,Close,106.230003
2025-06-19,Open,105.750000
2025-06-19,Close,104.129997
2025-06-20,Open,102.970001
2025-06-20,Close,103.309998
2025-06-23,Open,103.309998
2025-06-23,Close,103.760002
2025-06-24,Open,103.480003
2025-06-24,Close,102.709999
2025-06-25,Open,102.220001
2025-06-25,Close,101.879997
2025-06-26,Open,103.889999
2025-06-26,Close,103.930000
2025-06-27,Open,106.000000
2025-06-27,Close,101.660004
2025-06-30,Open,102.550003
2025-06-30,Close,102.470001
2025-07-01,Open,102.459999
2025-07-01,Close,103.419998
2025-07-02,Open,102.480003
2025-07-02,Close,102.699997
2025-07-03,Open,103.029999
2025-07-03,Close,103.870003
2025-07-04,Open,104.160004
2025-07-04,Close,103.900002
2025-07-07,Open,104.389999
2025-07-07,Close,103.790001
2025-07-08,Open,104.330002
2025-07-08,Close,104.089996
2025-07-09,Open,103.870003
2025-07-09,Close,103.589996
2025-07-10,Open,103.540001
2025-07-10,Close,103.709999
2025-07-11,Open,105.510002
2025-07-11,Close,106.690002
2025-07-14,Open,109.000000
2025-07-14,Close,110.019997
2025-07-15,Open,108.180000
2025-07-15,Close,108.230003
2025-07-16,Open,107.500000
2025-07-16,Close,107.790001
2025-07-17,Open,107.980003
2025-07-17,Close,107.139999
2025-07-18,Open,109.809998
2025-07-18,Close,109.110001
2025-07-21,Open,109.290001
2025-07-21,Close,109.370003
2025-07-22,Open,110.050003
2025-07-22,Close,110.199997
2025-07-23,Open,110.989998
2025-07-23,Close,112.010002
2025-07-24,Open,110.320000
2025-07-24,Close,110.910004
2025-07-25,Open,111.239998
2025-07-25,Close,110.680000
2025-07-28,Open,109.290001
2025-07-28,Close,109.050003
2025-07-29,Open,109.480003
2025-07-29,Close,109.519997
2025-07-30,Open,109.980003
2025-07-30,Close,109.879997
2025-07-31,Open,107.870003
2025-07-31,Close,106.900002
2025-08-01,Open,106.309998
2025-08-01,Close,105.709999
2025-08-04,Open,107.349998
2025-08-04,Close,108.089996
2025-08-05,Open,108.550003
2025-08-05,Close,108.660004
2025-08-06,Open,109.400002
2025-08-06,Close,109.180000
2025-08-07,Open,110.070000
2025-08-07,Close,110.580002
2025-08-08,Open,110.900002
2025-08-08,Close,110.970001
2025-08-11,Open,110.199997
2025-08-11,Close,109.519997
2025-08-12,Open,109.519997
2025-08-12,Close,109.260002
2025-08-13,Open,110.220001
2025-08-13,Close,111.250000
2025-08-14,Open,111.120003
2025-08-14,Close,110.830002
2025-08-18,Open,110.370003
2025-08-18,Close,110.059998
2025-08-19,Open,109.599998
2025-08-19,Close,109.410004
2025-08-20,Open,107.400002
2025-08-20,Close,106.989998
2025-08-21,Open,109.279999
2025-08-21,Close,109.120003
2025-08-22,Open,110.349998
2025-08-22,Close,109.930000
2025-08-25,Open,111.669998
2025-08-25,Close,112.050003
2025-08-26,Open,112.150002
2025-08-26,Close,111.910004
2025-08-28,Open,112.599998
2025-08-28,Close,112.779999
2025-08-29,Open,113.199997
2025-08-29,Close,113.580002
2025-09-01,Open,118.050003
2025-09-01,Close,118.589996
2025-09-02,Open,119.000000
2025-09-02,Close,117.910004
2025-09-03,Open,118.019997
2025-09-03,Close,118.959999
2025-09-04,Open,118.449997
2025-09-04,Close,119.029999
2025-09-05,Open,118.779999
2025-09-05,Close,119.010002
2025-09-08,Open,118.800003
2025-09-08,Close,120.250000
2025-09-09,Open,120.440002
2025-09-09,Close,120.190002
2025-09-10,Open,119.690002
2025-09-10,Close,119.339996
2025-09-11,Open,119.389999
2025-09-11,Close,119.300003
2025-09-12,Open,122.279999
2025-09-12,Close,123.660004
2025-09-15,Open,123.699997
2025-09-15,Close,123.080002
2025-09-16,Open,124.000000
2025-09-16,Close,124.620003
2025-09-17,Open,122.949997
2025-09-17,Close,121.760002
2025-09-18,Open,121.940002
2025-09-18,Close,123.040001
2025-09-19,Open,124.250000
2025-09-19,Close,123.650002
2025-09-22,Open,127.029999
2025-09-22,Close,128.220001
2025-09-23,Open,128.509995
2025-09-23,Close,129.740005
2025-09-24,Open,130.179993
2025-09-24,Close,129.990005
2025-09-25,Open,129.750000
2025-09-25,Close,132.369995
2025-09-26,Open,132.199997
2025-09-26,Close,133.009995
2025-09-29,Open,138.429993
2025-09-29,Close,139.059998
2025-09-30,Open,139.990005
2025-09-30,Close,136.070007
2025-10-01,Open,139.470001
2025-10-01,Close,139.869995
2025-10-03,Open,138.699997
2025-10-03,Close,139.759995
2025-10-06,Open,142.509995
2025-10-06,Close,143.669998
2025-10-07,Open,143.779999
2025-10-07,Close,143.820007
2025-10-08,Open,143.949997
2025-10-08,Close,150.929993
2025-10-09,Open,150.929993
2025-10-09,Close,156.160004
2025-10-10,Open,156.100006
2025-10-10,Close,153.919998
2025-10-13,Open,157.759995
2025-10-13,Close,164.339996
2025-10-14,Open,168.440002
2025-10-14,Close,174.309998
2025-10-15,Open,177.800003
2025-10-15,Close,168.559998
2025-10-16,Open,173.619995
2025-10-16,Close,157.210007
2025-10-17,Open,163.899994
2025-10-17,Close,160.600006
2025-10-20,Open,155.919998
2025-10-20,Close,148.820007
2025-10-21,Open,147.500000
2025-10-21,Close,145.300003
2025-10-23,Open,142.990005
2025-10-23,Close,141.940002
2025-10-27,Open,138.110001
2025-10-27,Close,138.850006
2025-10-28,Open,137.100006
2025-10-28,Close,133.809998
2025-10-29,Open,137.820007
2025-10-29,Close,141.130005
2025-10-30,Open,139.880005
2025-10-30,Close,140.520004
2025-10-31,Open,142.970001
2025-10-31,Close,142.470001
2025-11-03,Open,143.289993
2025-11-03,Close,142.470001
2025-11-04,Open,140.339996
2025-11-04,Close,139.949997
2025-11-06,Open,140.940002
2025-11-06,Close,141.830002
2025-11-07,Open,141.669998
2025-11-07,Close,142.050003
2025-11-10,Open,144.169998
2025-11-10,Close,145.339996
2025-11-11,Open,148.970001
2025-11-11,Close,148.050003
2025-11-12,Open,148.320007
2025-11-12,Close,150.270004
2025-11-13,Open,156.210007
2025-11-13,Close,157.089996
2025-11-14,Open,156.279999
2025-11-14,Close,153.259995
2025-11-17,Open,150.000000
2025-11-17,Close,148.919998
2025-11-18,Open,146.899994
2025-11-18,Close,146.580002
2025-11-19,Open,148.020004
2025-11-19,Close,150.360001
2025-11-20,Open,149.389999
2025-11-20,Close,147.990005
2025-11-21,Open,146.490005
2025-11-21,Close,144.690002
2025-11-24,Open,146.970001
2025-11-24,Close,147.080002
2025-11-25,Open,149.330002
2025-11-25,Close,149.320007
2025-11-26,Open,150.520004
2025-11-26,Close,151.639999
2025-11-27,Open,153.500000
2025-11-27,Close,155.699997
2025-11-28,Open,156.419998
2025-11-28,Close,156.770004
2025-12-01,Open,166.020004
2025-12-01,Close,166.210007
2025-12-02,Open,167.009995
2025-12-02,Close,165.339996
2025-12-03,Open,170.199997
2025-12-03,Close,169.779999
2025-12-04,Open,169.779999
2025-12-04,Close,167.220001
2025-12-05,Open,168.169998
2025-12-05,Close,170.179993
2025-12-08,Open,170.169998
2025-12-08,Close,170.839996
2025-12-09,Open,170.839996
2025-12-09,Close,171.110001
2025-12-10,Open,176.550003
2025-12-10,Close,175.289993
2025-12-11,Open,177.399994
2025-12-11,Close,178.850006
2025-12-12,Open,183.320007
2025-12-12,Close,184.130005
2025-12-15,Open,182.039993
2025-12-15,Close,184.869995
2025-12-16,Open,181.699997
2025-12-16,Close,184.690002
2025-12-17,Open,190.000000
2025-12-17,Close,192.160004
2025-12-18,Open,194.789993
2025-12-18,Close,193.259995
2025-12-19,Open,190.000000
2025-12-19,Close,192.559998
2025-12-22,Open,197.130005
2025-12-22,Close,199.949997
2025-12-23,Open,202.000000
2025-12-23,Close,201.789993
2025-12-24,Open,209.449997
2025-12-24,Close,209.229996
2025-12-26,Open,216.729996
2025-12-26,Close,219.850006
2025-12-29,Open,235.210007
2025-12-29,Close,218.250000
2025-12-30,Open,217.490005
2025-12-30,Close,218.210007
2025-12-31,Open,216.800003
2025-12-31,Close,215.429993
2026-01-01,Open,216.500000
2026-01-01,Close,214.949997
2026-01-02,Open,220.330002
2026-01-02,Close,221.869995
2026-01-05,Open,222.899994
2026-01-05,Close,225.539993
2026-01-06,Open,228.160004
2026-01-06,Close,231.649994
2026-01-07,Open,237.600006
2026-01-07,Close,234.360001
2026-01-08,Open,232.699997
2026-01-08,Close,223.529999
2026-01-09,Open,224.199997
2026-01-09,Close,230.369995
2026-01-12,Open,238.149994
2026-01-12,Close,243.350006
2026-01-13,Open,246.600006
2026-01-13,Close,249.509995
2026-01-14,Open,258.500000
2026-01-14,Close,262.809998
2026-01-15,Open,262.809998
2026-01-15,Close,262.809998
2026-01-16,Open,262.809998
2026-01-16,Close,269.440002
2026-01-19,Open,274.299988
2026-01-19,Close,282.950012
2026-01-20,Open,288.149994
2026-01-20,Close,297.619995
2026-01-21,Open,300.000000
2026-01-21,Close,310.679993
2026-01-22,Open,299.600006
2026-01-22,Close,276.269989
2026-01-23,Open,295.649994
2026-01-23,Close,292.730011
2026-01-27,Open,310.399994
2026-01-27,Close,317.850006
2026-01-28,Open,320.799988
2026-01-28,Close,332.029999
2026-01-29,Open,351.200012
2026-01-29,Close,351.910004
2026-01-30,Open,329.000000
2026-01-30,Close,286.480011
2026-02-02,Open,252.490005
2026-02-02,Close,219.940002
2026-02-03,Open,224.699997
2026-02-03,Close,247.339996
2026-02-04,Open,258.000000
2026-02-04,Close,265.570007
2026-02-05,Open,234.899994
2026-02-05,Close,236.419998
2026-02-06,Open,219.000000
2026-02-06,Close,224.460007
2026-02-09,Open,241.100006
2026-02-09,Close,243.699997
2026-02-10,Open,241.899994
2026-02-10,Close,243.820007
2026-02-11,Open,244.100006
2026-02-11,Close,247.369995
2026-02-12,Open,247.089996
2026-02-12,Close,245.389999
2026-02-13,Open,228.149994
2026-02-13,Close,232.580002
2026-02-16,Open,223.250000
2026-02-16,Close,227.339996
2026-02-17,Open,224.800003
2026-02-17,Close,220.039993
2026-02-18,Open,220.889999
2026-02-18,Close,223.789993
2026-02-19,Open,230.100006
2026-02-19,Close,233.210007
2026-02-20,Open,231.899994
2026-02-20,Close,236.619995
2026-02-23,Open,258.000000
2026-02-23,Close,250.169998
2026-02-24,Open,252.479996
2026-02-24,Close,250.669998
2026-02-25,Open,250.220001
2026-02-25,Close,253.250000
2026-02-26,Open,252.300003
2026-02-26,Close,246.059998
2026-02-27,Open,251.110001
2026-02-27,Close,252.809998
2026-03-02,Open,265.149994
2026-03-02,Close,274.649994
2026-03-04,Open,251.050003
2026-03-04,Close,255.570007
2026-03-05,Open,254.800003
2026-03-05,Close,247.929993
2026-03-06,Open,248.110001
2026-03-06,Close,246.759995
2026-03-09,Open,244.979996
2026-03-09,Close,247.000000
2026-03-10,Open,255.220001
2026-03-10,Close,256.350006
2026-03-11,Open,256.350006
2026-03-11,Close,251.690002
2026-03-12,Open,249.500000
2026-03-12,Close,253.500000
2026-03-13,Open,248.899994
2026-03-13,Close,244.490005
2026-03-16,Open,237.770004
2026-03-16,Close,233.479996
2026-03-17,Open,240.289993
2026-03-17,Close,240.889999
2026-03-18,Open,235.300003
2026-03-18,Close,237.130005
2026-03-19,Open,230.899994
2026-03-19,Close,218.979996
2026-03-20,Open,223.889999
2026-03-20,Close,219.899994
2026-03-23,Open,211.779999
2026-03-23,Close,193.520004
2026-03-24,Open,199.000000
2026-03-24,Close,212.309998
2026-03-25,Open,220.000000
2026-03-25,Close,221.419998
2026-03-27,Open,214.000000
2026-03-27,Close,212.500000
2026-03-30,Open,212.500000
2026-03-30,Close,216.080002
2026-04-01,Open,222.110001
2026-04-01,Close,224.809998
2026-04-02,Open,218.899994
2026-04-02,Close,215.949997
2026-04-06,Open,216.110001
2026-04-06,Close,222.380005
2026-04-07,Open,219.149994
2026-04-07,Close,220.029999
2026-04-08,Open,230.000000
2026-04-08,Close,230.580002
2026-04-09,Open,224.369995
2026-04-09,Close,223.830002
2026-04-10,Open,228.100006
2026-04-10,Close,226.539993
2026-04-13,Open,225.100006
2026-04-13,Close,224.970001
2026-04-15,Open,237.990005
2026-04-15,Close,235.080002
2026-04-16,Open,238.899994
2026-04-16,Close,237.970001
2026-04-17,Open,236.210007
2026-04-17,Close,238.139999
2026-04-20,Open,238.649994
2026-04-20,Close,237.270004
2026-04-21,Open,237.479996
2026-04-21,Close,237.410004
2026-04-22,Open,235.800003
2026-04-22,Close,236.029999
2026-04-23,Open,232.470001
2026-04-23,Close,229.669998
2026-04-24,Open,229.440002
2026-04-24,Close,227.889999
2026-04-27,Open,232.630005
2026-04-27,Close,230.720001
2026-04-28,Open,228.820007
2026-04-28,Close,224.729996
2026-04-29,Open,225.250000
2026-04-29,Close,224.199997
2026-04-30,Open,224.169998
2026-04-30,Close,227.500000
2026-05-01,Open,227.500000
2026-05-01,Close,227.500000
2026-05-04,Open,233.020004
2026-05-04,Close,230.360001
2026-05-05,Open,227.350006
2026-05-05,Close,228.889999
2026-05-06,Open,232.199997
2026-05-06,Close,234.490005
2026-05-07,Open,236.500000
2026-05-07,Close,239.440002
2026-05-08,Open,240.029999
2026-05-08,Close,240.169998
2026-05-11,Open,241.020004
2026-05-11,Close,241.289993
2026-05-12,Open,257.809998
2026-05-12,Close,252.009995
2026-05-13,Open,262.100006
2026-05-13,Close,269.420013
2026-05-14,Open,269.420013
2026-05-14,Close,270.929993
2026-05-15,Open,262.600006
2026-05-15,Close,249.850006
2026-05-18,Open,249.000000
2026-05-18,Close,253.160004
2026-05-19,Open,255.600006
2026-05-19,Close,253.250000
2026-05-20,Open,249.470001
2026-05-20,Close,252.660004
2026-05-21,Open,253.270004
2026-05-21,Close,251.970001
2026-05-22,Open,253.119995
2026-05-22,Close,252.539993
2026-05-25,Open,256.579987
2026-05-25,Close,256.029999
2026-05-26,Open,254.800003
2026-05-26,Close,251.289993
2026-05-27,Open,253.990005
2026-05-27,Close,249.869995
2026-05-28,Open,249.869995
2026-05-28,Close,249.869995
2026-05-29,Open,250.550003
2026-05-29,Close,249.369995
2026-06-01,Open,246.649994
2026-06-01,Close,249.539993
2026-06-02,Open,251.990005
2026-06-02,Close,251.559998
2026-06-03,Open,249.199997
2026-06-03,Close,246.789993
2026-06-04,Open,246.259995
2026-06-04,Close,246.559998
2026-06-05,Open,246.000000
2026-06-05,Close,243.580002
2026-06-08,Open,229.050003
2026-06-08,Close,227.929993
2026-06-09,Open,228.000000
2026-06-09,Close,231.899994
2026-06-10,Open,228.000000
2026-06-10,Close,220.589996
2026-06-11,Open,220.979996
2026-06-11,Close,221.380005
2026-06-12,Open,228.119995
2026-06-12,Close,229.759995
2026-06-15,Open,236.080002
2026-06-15,Close,238.619995
2026-06-16,Open,243.500000
2026-06-16,Close,236.130005
2026-06-17,Open,235.869995
2026-06-17,Close,234.669998
2026-06-18,Open,233.440002
2026-06-18,Close,229.990005
2026-06-19,Open,219.440002
2026-06-19,Close,221.419998
2026-06-22,Open,223.000000
2026-06-22,Close,225.139999
2026-06-23,Open,219.740005
2026-06-23,Close,215.059998
2026-06-24,Open,213.399994
2026-06-24,Close,213.350006
2026-06-25,Open,204.300003
2026-06-25,Close,206.570007
2026-06-26,Open,206.570007
2026-06-26,Close,206.570007
2026-06-29,Open,208.899994
2026-06-29,Close,208.020004
2026-06-30,Open,208.020004
2026-06-30,Close,212.820007
2026-07-01,Open,212.500000
2026-07-01,Close,211.339996
2026-07-02,Open,212.899994
2026-07-02,Close,216.279999
2026-07-03,Open,220.649994
2026-07-03,Close,221.309998
2026-07-06,Open,221.330002
2026-07-06,Close,220.360001
2026-07-07,Open,218.699997
2026-07-07,Close,216.289993
2026-07-08,Open,214.979996
2026-07-08,Close,210.149994
2026-07-09,Open,209.479996
2026-07-09,Close,212.949997
2026-07-10,Open,212.949997
2026-07-10,Close,208.830002
2026-07-13,Open,205.080002
2026-07-13,Close,207.460007
2026-07-14,Open,205.839996
2026-07-14,Close,208.009995
2026-07-15,Open,209.710007
2026-07-15,Close,208.660004
2026-07-16,Open,207.130005
2026-07-16,Close,206.839996
2026-07-17,Open,205.350006
2026-07-17,Close,204.919998
2026-07-20,Open,206.679993
2026-07-20,Close,207.889999
2026-07-21,Open,209.490005
2026-07-21,Close,212.229996
2026-07-22,Open,214.350006
2026-07-22,Close,213.070007
2026-07-23,Open,214.600006
2026-07-23,Close,211.000000
2026-07-24,Open,206.529999
2026-07-24,Close,210.960007
2026-07-27,Open,212.509995
2026-07-27,Close,213.009995
2026-07-28,Open,208.369995
2026-07-28,Close,206.199997
2026-07-29,Open,206.199997
2026-07-29,Close,206.690002
2026-07-30,Open,206.199997
2026-07-30,Close,206.630005
2026-07-31,Open,207.199997
2026-07-31,Close,206.509995
2026-08-03,Open,206.550003
2026-08-03,Close,206.449997
2026-08-04,Open,206.550003
2026-08-04,Close,207.350006
2026-08-05,Open,210.130005
2026-08-05,Close,213.389999
2026-08-06,Open,213.529999
2026-08-06,Close,214.529999
2026-08-07,Open,215.009995
2026-08-07,Close,220.470001
2026-08-10,Open,220.669998
2026-08-10,Close,220.460007
2026-08-11,Open,224.399994
2026-08-11,Close,222.320007
2026-08-12,Open,222.830002
2026-08-12,Close,225.759995
2026-08-13,Open,223.940002
2026-08-13,Close,220.970001
2026-08-14,Open,219.229996
2026-08-14,Close,221.220001
2026-08-17,Open,223.509995
2026-08-17,Close,223.610001
2026-08-18,Open,221.559998
2026-08-18,Close,221.619995
2026-08-19,Open,217.779999
2026-08-19,Close,216.429993
2026-08-20,Open,225.130005
2026-08-20,Close,225.429993
2026-08-21,Open,229.649994
2026-08-21,Close,232.919998
2026-08-24,Open,232.550003
2026-08-24,Close,231.800003
2026-08-25,Open,228.630005
2026-08-25,Close,229.000000
2026-08-26,Open,232.389999
2026-08-26,Close,230.130005
2026-08-27,Open,228.899994
2026-08-27,Close,226.369995
2026-08-28,Open,226.279999
2026-08-28,Close,230.419998
2026-09-01,Open,222.369995
2026-09-01,Close,217.720001
